,,,,,,,,,,,,,,,,,,,,,,,,,,,,,,,,,,,,,,,,,,,,,,
Date,CPI,,Date,Investment in Housing,,Date,GDP,,Date,XAUUSD Curncy - Gold,,Date,Big China EtF,,Date,Brent Crude,,Date,WTI,,Date,Prime Loan 1y,,Date,Prime Loan 5y,,Date,Mining Value-Add,,Date,Manufacturing Value-Add,,Date,6m Govy,,Date,1y Govy,,Date,10y Govy,,DATE,China Discount Rate,,Date,Current Accounts
9/30/2023,-3.2,,9/30/2023,-9.1,,9/30/2023,5.2,,11/1/2023,1976.62,,11/1/2023,17.95,,11/1/2023,84.83,,11/1/2023,80.66,,10/20/2023,3.45,,10/20/2023,4.2,,9/30/2023,1.5,,9/30/2023,5,,10/31/2023,2.354,,11/1/2023,2.233,,11/1/2023,2.686,,1990-03-01,9,,6/30/2023,64727.7
8/31/2023,-1.7,,8/31/2023,-8.8,,6/30/2023,5.5,,10/31/2023,1983.88,,10/31/2023,18.05,,10/31/2023,87.41,,10/31/2023,81.02,,9/30/2023,3.45,,9/30/2023,4.2,,8/31/2023,2.3,,8/31/2023,5.4,,9/29/2023,2.162,,10/31/2023,2.204,,10/31/2023,2.689,,1990-04-01,9,,3/31/2023,81529.7
7/31/2023,-1.7,,7/31/2023,-8.5,,3/31/2023,4.5,,9/29/2023,1848.63,,9/29/2023,18.92,,9/29/2023,95.31,,9/29/2023,90.79,,8/31/2023,3.45,,8/31/2023,4.2,,7/31/2023,1.3,,7/31/2023,3.9,,8/31/2023,1.781,,9/29/2023,2.126,,9/29/2023,2.673,,1990-05-01,9,,12/30/2022,103116.2
6/30/2023,2.3,,6/30/2023,-7.9,,12/31/2022,3,,8/31/2023,1940.19,,8/31/2023,19.37,,8/31/2023,86.86,,8/31/2023,83.63,,7/31/2023,3.55,,7/31/2023,4.2,,6/30/2023,1.5,,6/30/2023,4.8,,4/28/2023,2.019,,8/31/2023,1.867,,8/31/2023,2.579,,1990-06-01,9,,9/30/2022,139636.4
5/31/2023,1,,5/31/2023,-7.2,,9/30/2022,3,,7/31/2023,1965.09,,7/31/2023,21.2,,7/31/2023,85.56,,7/31/2023,81.8,,6/30/2023,3.55,,6/30/2023,4.2,,5/31/2023,-1.2,,5/31/2023,4.1,,1/31/2023,2.014,,7/31/2023,1.809,,7/31/2023,2.659,,1990-07-01,9,,6/30/2022,73773.2
4/30/2023,0.4,,4/30/2023,-6.2,,6/30/2022,2.5,,6/30/2023,1919.35,,6/30/2023,19.29,,6/30/2023,74.9,,6/30/2023,70.64,,5/31/2023,3.65,,5/31/2023,4.3,,4/30/2023,0,,4/30/2023,6.5,,12/30/2022,2.17,,6/30/2023,1.862,,6/30/2023,2.636,,1990-08-01,7.92,,3/31/2022,85329.7
3/31/2023,2.4,,3/31/2023,-5.8,,3/31/2022,4.8,,5/31/2023,1962.73,,5/31/2023,18.45,,5/31/2023,72.66,,5/31/2023,68.09,,4/30/2023,3.65,,4/30/2023,4.3,,3/31/2023,0.9,,3/31/2023,4.2,,11/30/2022,1.698,,5/31/2023,1.989,,5/31/2023,2.706,,1990-09-01,7.92,,12/31/2021,128857.2
2/28/2023,2.6,,2/28/2023,-5.7,,12/31/2021,8.4,,4/28/2023,1990,,4/28/2023,20.26,,4/28/2023,79.54,,4/28/2023,76.78,,3/31/2023,3.65,,3/31/2023,4.3,,12/31/2022,4.9,,12/31/2022,0.2,,10/31/2022,1.725,,4/28/2023,2.144,,4/28/2023,2.775,,1990-10-01,7.92,,9/30/2021,92305.4
1/31/2023,6.2,,12/31/2022,-10,,9/30/2021,10.1,,3/31/2023,1969.28,,3/31/2023,21.4,,3/31/2023,79.77,,3/31/2023,75.67,,2/28/2023,3.65,,2/28/2023,4.3,,11/30/2022,5.9,,11/30/2022,2,,9/30/2022,1.796,,3/31/2023,2.185,,3/31/2023,2.854,,1990-11-01,7.92,,6/30/2021,55486.8
12/31/2022,4.8,,11/30/2022,-9.8,,6/30/2021,13,,2/28/2023,1826.92,,2/28/2023,20.38,,2/28/2023,83.89,,2/28/2023,77.05,,1/31/2023,3.65,,1/31/2023,4.3,,10/31/2022,4,,10/31/2022,5.2,,8/31/2022,1.627,,2/28/2023,2.286,,2/28/2023,2.912,,1990-12-01,7.92,,3/31/2021,76236.5
11/30/2022,3.7,,10/31/2022,-8.8,,3/31/2021,18.7,,1/31/2023,1928.36,,1/31/2023,23.02,,1/31/2023,84.49,,1/31/2023,78.87,,12/31/2022,3.65,,12/31/2022,4.3,,9/30/2022,7.2,,9/30/2022,6.4,,7/29/2022,1.66,,1/31/2023,2.132,,1/31/2023,2.899,,1991-01-01,7.92,,12/31/2020,120692.7
10/31/2022,7,,9/30/2022,-8,,12/31/2020,2.2,,12/30/2022,1824.02,,12/30/2022,20.32,,12/30/2022,85.91,,12/30/2022,80.26,,11/30/2022,3.65,,11/30/2022,4.3,,8/31/2022,5.3,,8/31/2022,3.1,,6/30/2022,1.747,,12/30/2022,2.221,,12/30/2022,2.835,,1991-02-01,7.92,,9/30/2020,89302.8
9/30/2022,8.8,,8/31/2022,-7.4,,9/30/2020,0.6,,11/30/2022,1768.52,,11/30/2022,19.23,,11/30/2022,85.43,,11/30/2022,80.55,,10/31/2022,3.65,,10/31/2022,4.3,,7/31/2022,8.1,,7/31/2022,2.7,,5/31/2022,1.696,,11/30/2022,2.064,,11/30/2022,2.918,,1991-03-01,7.92,,6/30/2020,91091.6
8/31/2022,6.1,,7/31/2022,-6.4,,6/30/2020,-1.7,,10/31/2022,1633.56,,10/31/2022,15.3,,10/31/2022,94.83,,10/31/2022,86.53,,9/30/2022,3.65,,9/30/2022,4.3,,6/30/2022,8.7,,6/30/2022,3.4,,4/29/2022,1.898,,10/31/2022,1.745,,10/31/2022,2.643,,1991-04-01,7.2,,3/31/2020,-52251.5
7/31/2022,6.3,,6/30/2022,-5.4,,3/31/2020,-6.9,,9/30/2022,1660.61,,9/30/2022,18.36,,9/30/2022,87.96,,9/30/2022,79.49,,8/31/2022,3.65,,8/31/2022,4.3,,5/31/2022,7,,5/31/2022,0.1,,3/31/2022,1.959,,9/30/2022,1.824,,9/30/2022,2.744,,1991-05-01,7.2,,12/31/2019,30165.2
6/30/2022,2.9,,5/31/2022,-4,,12/31/2019,6,,8/31/2022,1711.04,,8/31/2022,21.44,,8/31/2022,96.49,,8/31/2022,89.55,,7/31/2022,3.7,,7/31/2022,4.45,,4/30/2022,9.5,,4/30/2022,-4.6,,2/28/2022,1.962,,8/31/2022,1.678,,8/31/2022,2.641,,1991-06-01,7.2,,9/30/2019,30634.1
5/31/2022,2.3,,4/30/2022,-2.7,,9/30/2019,6,,7/29/2022,1765.94,,7/29/2022,21.5,,7/29/2022,110.01,,7/29/2022,98.62,,6/30/2022,3.7,,6/30/2022,4.45,,3/31/2022,12.2,,3/31/2022,4.4,,1/31/2022,2.095,,7/29/2022,1.834,,7/29/2022,2.763,,1991-07-01,7.2,,6/28/2019,19812.6
4/30/2022,1.9,,3/31/2022,0.7,,6/30/2019,6.1,,6/30/2022,1807.27,,6/30/2022,23.92,,6/30/2022,114.81,,6/30/2022,105.76,,5/31/2022,3.7,,5/31/2022,4.45,,12/31/2021,7.3,,12/31/2021,3.8,,12/31/2021,2.37,,6/30/2022,1.916,,6/30/2022,2.815,,1991-08-01,7.2,,3/29/2019,22297.9
3/31/2022,-1.5,,2/28/2022,3.7,,3/31/2019,6.3,,5/31/2022,1837.35,,5/31/2022,22.32,,5/31/2022,122.84,,5/31/2022,114.67,,4/30/2022,3.7,,4/30/2022,4.6,,11/30/2021,6.2,,11/30/2021,2.9,,11/30/2021,2.289,,5/31/2022,1.924,,5/31/2022,2.793,,1991-09-01,7.2,,12/31/2018,48971.9
2/28/2022,-3.9,,12/31/2021,4.4,,12/31/2018,6.7,,4/29/2022,1896.93,,4/29/2022,22.2,,4/29/2022,109.34,,4/29/2022,104.69,,3/31/2022,3.7,,3/31/2022,4.6,,10/31/2021,6,,10/31/2021,2.5,,10/29/2021,2.361,,4/29/2022,2.019,,4/29/2022,2.835,,1991-10-01,7.2,,9/28/2018,17574.3
1/31/2022,-3.8,,11/30/2021,6,,9/30/2018,6.8,,3/31/2022,1937.44,,3/31/2022,23.2,,3/31/2022,107.91,,3/31/2022,100.28,,2/28/2022,3.7,,2/28/2022,4.6,,9/30/2021,3.2,,9/30/2021,2.4,,9/30/2021,2.27,,3/31/2022,2.125,,3/31/2022,2.784,,1991-11-01,7.2,,6/29/2018,-2642.1
12/31/2021,-1.2,,10/31/2021,7.2,,6/30/2018,6.9,,2/28/2022,1908.99,,2/28/2022,24.78,,2/28/2022,100.99,,2/28/2022,95.72,,1/31/2022,3.7,,1/31/2022,4.6,,8/31/2021,2.5,,8/31/2021,5.5,,8/31/2021,2.247,,2/28/2022,2.025,,2/28/2022,2.789,,1991-12-01,7.2,,3/30/2018,-39773.2
11/30/2021,1.6,,9/30/2021,8.8,,3/31/2018,6.9,,1/31/2022,1797.17,,1/31/2022,25.78,,1/31/2022,91.21,,1/31/2022,88.15,,12/31/2021,3.8,,12/31/2021,4.65,,7/31/2021,0.6,,7/31/2021,6.2,,7/30/2021,1.972,,1/31/2022,1.989,,1/31/2022,2.706,,1992-01-01,7.2,,12/29/2017,70807.5
10/31/2021,-2.4,,8/31/2021,10.9,,12/31/2017,6.9,,12/31/2021,1829.2,,12/31/2021,26.68,,12/31/2021,77.78,,12/31/2021,75.21,,11/30/2021,3.85,,11/30/2021,4.65,,6/30/2021,0.7,,6/30/2021,8.7,,6/30/2021,2.137,,12/31/2021,2.174,,12/31/2021,2.772,,1992-02-01,7.2,,9/29/2017,43150.2
9/30/2021,-5.2,,7/31/2021,12.7,,9/30/2017,7,,11/30/2021,1774.52,,11/30/2021,27.7,,11/30/2021,70.57,,11/30/2021,66.18,,10/31/2021,3.85,,10/31/2021,4.65,,5/31/2021,3.2,,5/31/2021,9,,5/31/2021,2.098,,11/30/2021,2.227,,11/30/2021,2.859,,1992-03-01,7.2,,6/30/2017,53801.6
8/31/2021,-4.1,,6/30/2021,15,,6/30/2017,7,,10/29/2021,1783.38,,10/29/2021,29.66,,10/29/2021,84.38,,10/29/2021,83.57,,9/30/2021,3.85,,9/30/2021,4.65,,4/30/2021,3.2,,4/30/2021,10.3,,4/30/2021,2.146,,10/29/2021,2.222,,10/29/2021,2.968,,1992-04-01,7.2,,3/31/2017,20916.9
7/31/2021,-3.7,,5/31/2021,18.3,,3/31/2017,7,,9/30/2021,1756.95,,9/30/2021,28.8,,9/30/2021,78.52,,9/30/2021,75.03,,8/31/2021,3.85,,8/31/2021,4.65,,3/31/2021,2.9,,3/31/2021,15.2,,2/26/2021,2.234,,9/30/2021,2.303,,9/30/2021,2.873,,1992-05-01,7.2,,12/30/2016,14719.3
6/30/2021,-1.7,,4/30/2021,21.6,,12/31/2016,6.8,,8/31/2021,1813.62,,8/31/2021,29.9,,8/31/2021,72.99,,8/31/2021,68.5,,7/31/2021,3.85,,7/31/2021,4.65,,12/31/2020,4.9,,12/31/2020,7.7,,1/29/2021,2.165,,8/31/2021,2.228,,8/31/2021,2.845,,1992-06-01,7.2,,9/30/2016,72009.6
5/31/2021,0.3,,3/31/2021,25.6,,9/30/2016,6.8,,7/30/2021,1814.19,,7/30/2021,30.12,,7/30/2021,76.33,,7/30/2021,73.95,,6/30/2021,3.85,,6/30/2021,4.65,,11/30/2020,2,,11/30/2020,7.7,,12/31/2020,2.509,,7/30/2021,1.977,,7/30/2021,2.85,,1992-07-01,7.2,,6/30/2016,59098.5
4/30/2021,-0.7,,2/28/2021,38.3,,6/30/2016,6.9,,6/30/2021,1770.11,,6/30/2021,34.9,,6/30/2021,75.13,,6/30/2021,73.47,,5/31/2021,3.85,,5/31/2021,4.65,,10/31/2020,3.5,,10/31/2020,7.5,,11/30/2020,2.895,,6/30/2021,2.332,,6/30/2021,3.085,,1992-08-01,7.2,,3/31/2016,45509.6
3/31/2021,-0.7,,12/31/2020,7,,3/31/2016,6.9,,5/31/2021,1906.87,,5/31/2021,35,,5/31/2021,69.32,,5/31/2021,66.32,,4/30/2021,3.85,,4/30/2021,4.65,,9/30/2020,2.2,,9/30/2020,7.6,,10/30/2020,2.691,,5/31/2021,2.353,,5/31/2021,3.071,,1992-09-01,7.2,,12/31/2015,83483.7
2/28/2021,-0.2,,11/30/2020,6.8,,12/31/2015,7,,4/30/2021,1769.13,,4/30/2021,34.96,,4/30/2021,67.25,,4/30/2021,63.58,,3/31/2021,3.85,,3/31/2021,4.65,,8/31/2020,1.6,,8/31/2020,6,,9/30/2020,2.511,,4/30/2021,2.393,,4/30/2021,3.154,,1992-10-01,7.2,,9/30/2015,66765.7
1/31/2021,1.6,,10/31/2020,6.3,,9/30/2015,7.1,,3/31/2021,1707.71,,3/31/2021,34.3,,3/31/2021,63.54,,3/31/2021,59.16,,2/28/2021,3.85,,2/28/2021,4.65,,7/31/2020,-2.6,,7/31/2020,6,,8/31/2020,2.514,,3/31/2021,2.516,,3/31/2021,3.186,,1992-11-01,7.2,,6/30/2015,67600
12/31/2020,1.2,,9/30/2020,5.6,,6/30/2015,7.1,,2/26/2021,1734.04,,2/26/2021,36.6,,2/26/2021,66.13,,2/26/2021,61.5,,1/31/2021,3.85,,1/31/2021,4.65,,6/30/2020,1.7,,6/30/2020,5.1,,7/31/2020,2.169,,2/26/2021,2.552,,2/26/2021,3.277,,1992-12-01,7.2,,3/31/2015,75172.8
11/30/2020,-2,,8/31/2020,4.6,,3/31/2015,7.1,,1/29/2021,1847.65,,1/29/2021,37.72,,1/29/2021,55.88,,1/29/2021,52.2,,12/31/2020,3.85,,12/31/2020,4.65,,5/31/2020,1.1,,5/31/2020,5.2,,6/30/2020,1.941,,1/29/2021,2.656,,1/29/2021,3.181,,1993-01-01,7.2,,12/31/2014,76581.3
10/31/2020,2.2,,7/31/2020,3.4,,12/31/2014,7.4,,12/31/2020,1898.36,,12/31/2020,34.54,,12/31/2020,51.8,,12/31/2020,48.52,,11/30/2020,3.85,,11/30/2020,4.65,,4/30/2020,0.3,,4/30/2020,5,,5/29/2020,1.551,,12/31/2020,2.469,,12/31/2020,3.139,,1993-02-01,7.2,,9/30/2014,78504.8
9/30/2020,7.9,,6/30/2020,1.9,,9/30/2014,7.5,,11/30/2020,1776.95,,11/30/2020,33.84,,11/30/2020,47.59,,11/30/2020,45.34,,10/31/2020,3.85,,10/31/2020,4.65,,3/31/2020,4.2,,3/31/2020,-1.8,,3/31/2020,1.833,,11/30/2020,2.84,,11/30/2020,3.269,,1993-03-01,7.2,,6/30/2014,75483.6
8/31/2020,11.2,,5/31/2020,-0.3,,6/30/2014,7.6,,10/30/2020,1878.81,,10/30/2020,33.04,,10/30/2020,37.46,,10/30/2020,35.79,,9/30/2020,3.85,,9/30/2020,4.65,,12/31/2019,5.6,,12/31/2019,7,,1/31/2020,2.193,,10/30/2020,2.716,,10/30/2020,3.179,,1993-04-01,7.2,,3/31/2014,5476.9
7/31/2020,13.2,,4/30/2020,-3.3,,3/31/2014,7.5,,9/30/2020,1885.82,,9/30/2020,31,,9/30/2020,40.95,,9/30/2020,40.22,,8/31/2020,3.85,,8/31/2020,4.65,,11/30/2019,5.7,,11/30/2019,6.3,,11/29/2019,2.545,,9/30/2020,2.588,,9/30/2020,3.134,,1993-05-01,8.46,,12/31/2013,31966.5
6/30/2020,11.1,,3/31/2020,-7.7,,12/31/2013,7.8,,8/31/2020,1967.8,,8/31/2020,32.38,,8/31/2020,45.28,,8/31/2020,42.61,,7/31/2020,3.85,,7/31/2020,4.65,,10/31/2019,3.9,,10/31/2019,4.6,,10/31/2019,2.51,,8/31/2020,2.479,,8/31/2020,3.019,,1993-06-01,8.46,,9/30/2013,32587.4
5/31/2020,10.6,,2/29/2020,-16.3,,9/30/2013,7.8,,7/31/2020,1975.86,,7/31/2020,30.5,,7/31/2020,43.3,,7/31/2020,40.27,,6/30/2020,3.85,,6/30/2020,4.65,,9/30/2019,8.1,,9/30/2019,5.6,,9/30/2019,2.477,,7/31/2020,2.231,,7/31/2020,2.966,,1993-07-01,10.08,,6/28/2013,42671.2
4/30/2020,14.8,,12/31/2019,9.9,,6/30/2013,7.7,,6/30/2020,1780.96,,6/30/2020,27.78,,6/30/2020,41.15,,6/30/2020,39.27,,5/31/2020,3.85,,5/31/2020,4.65,,8/31/2019,3.7,,8/31/2019,4.3,,8/30/2019,2.591,,6/30/2020,2.089,,6/30/2020,2.838,,1993-08-01,10.08,,3/29/2013,40978.8
3/31/2020,18.3,,11/30/2019,10.2,,3/31/2013,7.9,,5/29/2020,1730.27,,5/29/2020,25.15,,5/29/2020,35.33,,5/29/2020,35.49,,4/30/2020,3.85,,4/30/2020,4.65,,7/31/2019,6.6,,7/31/2019,4.5,,7/31/2019,2.288,,5/29/2020,1.542,,5/29/2020,2.684,,1993-09-01,10.08,,12/31/2012,51623.5
2/29/2020,21.9,,10/31/2019,10.3,,12/31/2012,7.9,,4/30/2020,1686.5,,4/30/2020,25.6,,4/30/2020,25.27,,4/30/2020,18.84,,3/31/2020,4.05,,3/31/2020,4.75,,6/30/2019,7.3,,6/30/2019,6.2,,6/28/2019,2.382,,4/30/2020,1.113,,4/30/2020,2.509,,1993-10-01,10.08,,9/28/2012,76194.9
1/31/2020,20.6,,9/30/2019,10.5,,9/30/2012,7.8,,3/31/2020,1577.18,,3/31/2020,23.85,,3/31/2020,22.74,,3/31/2020,20.48,,2/29/2020,4.05,,2/29/2020,4.75,,5/31/2019,3.9,,5/31/2019,5,,4/30/2019,2.305,,3/31/2020,1.681,,3/31/2020,2.583,,1993-11-01,10.08,,6/29/2012,59004.8
12/31/2019,17.4,,8/31/2019,10.5,,6/30/2012,7.9,,2/28/2020,1585.69,,2/28/2020,25.75,,2/28/2020,50.52,,2/28/2020,44.76,,1/31/2020,4.15,,1/31/2020,4.8,,4/30/2019,2.9,,4/30/2019,5.3,,3/29/2019,2.203,,2/28/2020,1.957,,2/28/2020,2.728,,1993-12-01,10.08,,3/30/2012,28568.5
11/30/2019,19.1,,7/31/2019,10.6,,3/31/2012,8.1,,1/31/2020,1589.16,,1/31/2020,25.45,,1/31/2020,58.16,,1/31/2020,51.56,,12/31/2019,4.15,,12/31/2019,4.8,,3/31/2019,4.6,,3/31/2019,9,,1/31/2019,2.395,,1/31/2020,2.221,,1/31/2020,2.992,,1994-01-01,10.08,,12/30/2011,48433.6
10/31/2019,15.5,,6/30/2019,10.9,,12/31/2011,9.6,,12/31/2019,1517.27,,12/31/2019,27.1,,12/31/2019,66,,12/31/2019,61.06,,11/30/2019,4.15,,11/30/2019,4.8,,12/31/2018,3.6,,12/31/2018,5.5,,11/30/2018,2.396,,12/31/2019,2.278,,12/31/2019,3.138,,1994-02-01,10.08,,9/30/2011,42432.8
9/30/2019,11.2,,5/31/2019,11.2,,9/30/2011,9.9,,11/29/2019,1463.98,,11/29/2019,25.55,,11/29/2019,62.43,,11/29/2019,55.17,,10/31/2019,4.2,,10/31/2019,4.85,,11/30/2018,2.3,,11/30/2018,5.6,,10/31/2018,2.408,,11/29/2019,2.623,,11/29/2019,3.171,,1994-03-01,10.08,,6/30/2011,43728.2
8/31/2019,10,,4/30/2019,11.9,,6/30/2011,10.1,,10/31/2019,1512.99,,10/31/2019,25.1,,10/31/2019,60.23,,10/31/2019,54.18,,9/30/2019,4.2,,9/30/2019,4.85,,10/31/2018,3.8,,10/31/2018,6.1,,9/28/2018,2.558,,10/31/2019,2.654,,10/31/2019,3.276,,1994-04-01,10.08,,3/31/2011,1502.1
7/31/2019,9.1,,3/31/2019,11.8,,3/31/2011,10.2,,9/30/2019,1472.49,,9/30/2019,23.85,,9/30/2019,60.78,,9/30/2019,54.07,,8/31/2019,4.25,,8/31/2019,4.85,,9/30/2018,2.2,,9/30/2018,5.7,,8/31/2018,2.589,,9/30/2019,2.549,,9/30/2019,3.136,,1994-05-01,10.08,,12/31/2010,86419.1
6/30/2019,8.3,,2/28/2019,11.6,,12/31/2010,10.6,,8/30/2019,1520.38,,8/30/2019,24.2,,8/30/2019,60.43,,8/30/2019,55.1,,,,,,,,8/31/2018,2,,8/31/2018,6.1,,7/31/2018,2.683,,8/30/2019,2.578,,8/30/2019,3.053,,1994-06-01,10.08,,9/30/2010,82631.7
5/31/2019,7.7,,12/31/2018,9.5,,9/30/2010,10.9,,7/31/2019,1413.78,,7/31/2019,24.9,,7/31/2019,65.17,,7/31/2019,58.58,,,,,,,,7/31/2018,1.3,,7/31/2018,6.2,,6/29/2018,3.108,,7/31/2019,2.575,,7/31/2019,3.155,,1994-07-01,10.08,,6/30/2010,43764.2
4/30/2019,6.1,,11/30/2018,9.7,,6/30/2010,11.4,,6/28/2019,1409.55,,6/28/2019,25.2,,6/28/2019,66.55,,6/28/2019,58.47,,,,,,,,6/30/2018,2.7,,6/30/2018,6,,5/31/2018,2.968,,6/28/2019,2.62,,6/28/2019,3.23,,1994-08-01,10.08,,3/31/2010,24995.4
3/31/2019,4.1,,10/31/2018,9.7,,3/31/2010,12.2,,5/31/2019,1305.58,,5/31/2019,23.25,,5/31/2019,64.49,,5/31/2019,53.5,,,,,,,,5/31/2018,3,,5/31/2018,6.6,,4/30/2018,2.96,,5/31/2019,2.506,,5/31/2019,3.288,,1994-09-01,10.08,,12/31/2009,90882.5
2/28/2019,0.7,,9/30/2018,9.9,,12/31/2009,9.4,,4/30/2019,1283.53,,4/30/2019,26.65,,4/30/2019,72.8,,4/30/2019,63.91,,,,,,,,4/30/2018,-0.2,,4/30/2018,7.4,,1/31/2018,3.524,,4/30/2019,2.639,,4/30/2019,3.398,,1994-10-01,10.08,,9/30/2009,45350.2
1/31/2019,1.9,,8/31/2018,10.1,,9/30/2009,8.5,,3/29/2019,1292.38,,3/29/2019,26.05,,3/29/2019,68.39,,3/29/2019,60.14,,,,,,,,3/31/2018,-1.1,,3/31/2018,6.6,,12/29/2017,3.976,,3/29/2019,2.358,,3/29/2019,3.064,,1994-11-01,10.08,,6/30/2009,39691.9
12/31/2018,2.5,,7/31/2018,10.2,,6/30/2009,7.3,,2/28/2019,1313.32,,2/28/2019,25.8,,2/28/2019,66.03,,2/28/2019,57.22,,,,,,,,12/31/2017,-0.9,,12/31/2017,6.5,,9/29/2017,3.346,,2/28/2019,2.384,,2/28/2019,3.168,,1994-12-01,10.08,,3/31/2009,67331.9
11/30/2018,2.5,,6/30/2018,9.7,,3/31/2009,6.4,,1/31/2019,1321.25,,1/31/2019,24.75,,1/31/2019,61.89,,1/31/2019,53.79,,,,,,,,11/30/2017,-1.7,,11/30/2017,6.8,,8/31/2017,3.281,,1/31/2019,2.381,,1/31/2019,3.097,,1995-01-01,10.26,,12/31/2008,133085.3
10/31/2018,3.3,,5/31/2018,10.2,,12/31/2008,9.7,,12/31/2018,1282.49,,12/31/2018,22.6,,12/31/2018,53.8,,12/31/2018,45.41,,,,,,,,10/31/2017,-1.3,,10/31/2017,6.7,,6/30/2017,3.439,,12/31/2018,2.689,,12/31/2018,3.302,,1995-02-01,10.26,,9/30/2008,109806
9/30/2018,3.6,,4/30/2018,10.3,,9/30/2008,10.6,,11/30/2018,1220.52,,11/30/2018,24.1,,11/30/2018,58.71,,11/30/2018,50.93,,,,,,,,9/30/2017,-3.8,,9/30/2017,8.1,,5/31/2017,3.457,,11/30/2018,2.491,,11/30/2018,3.368,,1995-03-01,10.26,,6/30/2008,95472.9
8/31/2018,1.7,,3/31/2018,10.4,,6/30/2008,11.2,,10/31/2018,1214.76,,10/31/2018,21.9,,10/31/2018,75.47,,10/31/2018,65.31,,,,,,,,8/31/2017,-3.4,,8/31/2017,6.9,,4/28/2017,3.085,,10/31/2018,2.806,,10/31/2018,3.524,,1995-04-01,10.26,,3/31/2008,82204.3
7/31/2018,0.5,,2/28/2018,9.9,,3/31/2008,11.5,,9/28/2018,1190.88,,9/28/2018,25.35,,9/28/2018,82.72,,9/28/2018,73.25,,,,,,,,7/31/2017,-1.3,,7/31/2017,6.7,,1/31/2017,2.669,,9/28/2018,2.958,,9/28/2018,3.618,,1995-05-01,10.26,,12/31/2007,101529
6/30/2018,0.3,,12/31/2017,7,,12/31/2007,14.2,,8/31/2018,1201.15,,8/31/2018,25.75,,8/31/2018,77.42,,8/31/2018,69.8,,,,,,,,6/30/2017,-0.1,,6/30/2017,8,,12/30/2016,2.855,,8/31/2018,2.834,,8/31/2018,3.584,,1995-06-01,10.26,,9/28/2007,98478.6
5/31/2018,0.1,,11/30/2017,7.5,,9/30/2007,14.4,,7/31/2018,1224.15,,7/31/2018,26.85,,7/31/2018,74.25,,7/31/2018,68.76,,,,,,,,5/31/2017,0.5,,5/31/2017,6.9,,11/30/2016,2.249,,7/31/2018,2.843,,7/31/2018,3.48,,1995-07-01,10.44,,6/29/2007,86550.6
4/30/2018,0.7,,10/31/2017,7.8,,6/30/2007,14.4,,6/29/2018,1252.6,,6/29/2018,27.6,,6/29/2018,79.44,,6/29/2018,74.15,,,,,,,,4/30/2017,-0.4,,4/30/2017,6.9,,10/31/2016,2.016,,6/29/2018,3.139,,6/29/2018,3.475,,1995-08-01,10.44,,3/30/2007,66624.5
3/31/2018,2.1,,9/30/2017,8.1,,3/31/2007,13.8,,5/31/2018,1298.51,,5/31/2018,29.05,,5/31/2018,77.59,,5/31/2018,67.04,,,,,,,,3/31/2017,-0.8,,3/31/2017,8,,8/31/2016,2.055,,5/31/2018,3.119,,5/31/2018,3.629,,1995-09-01,10.44,,12/29/2006,89946.3
2/28/2018,4.4,,8/31/2017,7.9,,12/31/2006,12.7,,4/30/2018,1315.39,,4/30/2018,28.6,,4/30/2018,75.17,,4/30/2018,68.57,,,,,,,,12/31/2016,-2.5,,12/31/2016,6.3,,7/29/2016,2.152,,4/30/2018,2.979,,4/30/2018,3.631,,1995-10-01,10.44,,9/29/2006,60535.4
1/31/2018,-0.5,,7/31/2017,7.9,,9/30/2006,12.8,,3/30/2018,1325.48,,3/30/2018,28.85,,3/30/2018,70.27,,3/30/2018,64.94,,,,,,,,11/30/2016,-2.9,,11/30/2016,6.7,,6/30/2016,2.215,,3/30/2018,3.298,,3/30/2018,3.739,,1995-11-01,10.44,,6/30/2006,47404
12/31/2017,-0.4,,6/30/2017,8.5,,6/30/2006,13.1,,2/28/2018,1318.31,,2/28/2018,29.6,,2/28/2018,65.78,,2/28/2018,61.64,,,,,,,,10/31/2016,-2.2,,10/31/2016,6.7,,,,,2/28/2018,3.244,,2/28/2018,3.835,,1995-12-01,10.44,,3/31/2006,33957.3
11/30/2017,-1.1,,5/31/2017,8.8,,3/31/2006,12.5,,1/31/2018,1345.14,,1/31/2018,31.45,,1/31/2018,69.05,,1/31/2018,64.73,,,,,,,,9/30/2016,0.1,,9/30/2016,6.5,,,,,1/31/2018,3.491,,1/31/2018,3.913,,1996-01-01,10.44,,12/30/2005,45626
10/31/2017,-0.4,,4/30/2017,9.3,,12/31/2005,11.4,,12/29/2017,1302.8,,12/29/2017,28,,12/29/2017,66.87,,12/29/2017,60.42,,,,,,,,8/31/2016,-1.3,,8/31/2016,6.8,,,,,12/29/2017,3.735,,12/29/2017,3.881,,1996-02-01,10.44,,9/30/2005,33494.1
9/30/2017,-1.4,,3/31/2017,9.1,,9/30/2005,11,,11/30/2017,1275.01,,11/30/2017,28.25,,11/30/2017,63.57,,11/30/2017,57.4,,,,,,,,7/31/2016,-3.1,,7/31/2016,7,,,,,11/30/2017,3.635,,11/30/2017,3.901,,1996-03-01,10.44,,6/30/2005,29422.2
8/31/2017,-0.2,,2/28/2017,8.9,,6/30/2005,11.1,,10/31/2017,1271.45,,10/31/2017,27.3,,10/31/2017,61.37,,10/31/2017,54.38,,,,,,,,6/30/2016,-2.4,,6/30/2016,7.2,,,,,10/31/2017,3.571,,10/31/2017,3.879,,1996-04-01,10.44,,3/31/2005,23836.2
7/31/2017,-1.1,,12/31/2016,6.9,,3/31/2005,11.1,,9/29/2017,1279.75,,9/29/2017,26.6,,9/29/2017,57.54,,9/29/2017,51.67,,,,,,,,5/31/2016,-2.3,,5/31/2016,7.2,,,,,9/29/2017,3.447,,9/29/2017,3.616,,1996-05-01,9,,12/31/2004,42515.6
6/30/2017,-1.2,,11/30/2016,6.5,,12/31/2004,10.1,,8/31/2017,1321.43,,8/31/2017,26.25,,8/31/2017,52.38,,8/31/2017,47.23,,,,,,,,4/30/2016,0.1,,4/30/2016,6.9,,,,,8/31/2017,3.38,,8/31/2017,3.656,,1996-06-01,9,,9/30/2004,17266.5
5/31/2017,-1.6,,10/31/2016,6.6,,9/30/2004,10.6,,7/31/2017,1269.44,,7/31/2017,25.25,,7/31/2017,52.65,,7/31/2017,50.17,,,,,,,,3/31/2016,3.1,,3/31/2016,7.2,,,,,7/31/2017,3.354,,7/31/2017,3.618,,1996-07-01,9,,6/30/2004,5812.2
4/30/2017,-3.5,,9/30/2016,5.8,,6/30/2004,11.1,,6/30/2017,1241.61,,6/30/2017,23.1,,6/30/2017,47.92,,6/30/2017,46.04,,,,,,,,12/31/2015,1.4,,12/31/2015,7,,,,,6/30/2017,3.422,,6/30/2017,3.56,,1996-08-01,9,,3/31/2004,3346.7
3/31/2017,-4.4,,8/31/2016,5.4,,3/31/2004,10.6,,5/31/2017,1268.92,,5/31/2017,22.65,,5/31/2017,50.31,,5/31/2017,48.32,,,,,,,,11/30/2015,0.3,,11/30/2015,7.2,,,,,5/31/2017,3.431,,5/31/2017,3.634,,1996-09-01,9,,12/31/2003,23664.9
2/28/2017,-4.3,,7/31/2016,5.3,,12/31/2003,10,,4/28/2017,1268.28,,4/28/2017,21.4,,4/28/2017,51.73,,4/28/2017,49.33,,,,,,,,10/31/2015,0.4,,10/31/2015,6.7,,,,,4/28/2017,3.076,,4/28/2017,3.464,,1996-10-01,9,,9/30/2003,8550.2
1/31/2017,2.7,,6/30/2016,6.1,,9/30/2003,10,,3/31/2017,1249.2,,3/31/2017,20.85,,3/31/2017,52.83,,3/31/2017,50.6,,,,,,,,9/30/2015,1.2,,9/30/2015,6.7,,,,,3/31/2017,2.848,,3/31/2017,3.279,,1996-11-01,9,,6/30/2003,8228.2
12/31/2016,2.4,,5/31/2016,7,,6/30/2003,10.1,,2/28/2017,1248.44,,2/28/2017,20.4,,2/28/2017,55.59,,2/28/2017,54.01,,,,,,,,8/31/2015,4,,8/31/2015,6.8,,,,,2/28/2017,2.698,,2/28/2017,3.312,,1996-12-01,9,,3/31/2003,2608.4
11/30/2016,4,,4/30/2016,7.2,,3/31/2003,11.1,,1/31/2017,1210.72,,1/31/2017,19.76,,1/31/2017,55.7,,1/31/2017,52.81,,,,,,,,7/31/2015,5.6,,7/31/2015,6.6,,,,,1/31/2017,2.612,,1/31/2017,3.345,,1997-01-01,9,,12/31/2002,15169.5
10/31/2016,3.7,,3/31/2016,6.2,,12/31/2002,9.1,,12/30/2016,1147.5,,12/30/2016,18.44,,12/30/2016,56.82,,12/30/2016,53.72,,,,,,,,6/30/2015,2.7,,6/30/2015,7.7,,,,,12/30/2016,2.722,,12/30/2016,3.032,,1997-02-01,9,,9/30/2002,6697
9/30/2016,3.2,,2/29/2016,3,,9/30/2002,9.1,,11/30/2016,1173.2,,11/30/2016,19.82,,11/30/2016,50.47,,11/30/2016,49.44,,,,,,,,5/31/2015,3.9,,5/31/2015,6.7,,,,,11/30/2016,2.273,,11/30/2016,2.943,,1997-03-01,9,,6/28/2002,4937.8
8/31/2016,1.3,,12/31/2015,1,,6/30/2002,8.9,,10/31/2016,1277.21,,10/31/2016,20.1,,10/31/2016,48.3,,10/31/2016,46.86,,,,,,,,4/30/2015,2.8,,4/30/2015,6.5,,,,,10/31/2016,2.153,,10/31/2016,2.744,,1997-04-01,9,,3/29/2002,8617.8
7/31/2016,3.3,,11/30/2015,1.3,,3/31/2002,8.9,,9/30/2016,1315.87,,9/30/2016,20.45,,9/30/2016,49.06,,9/30/2016,48.24,,,,,,,,3/31/2015,1.4,,3/31/2015,6.7,,,,,9/30/2016,2.201,,9/30/2016,2.717,,1997-05-01,9,,12/31/2001,7302
6/30/2016,4.6,,10/31/2015,2,,12/31/2001,8.3,,8/31/2016,1308.97,,8/31/2016,19.98,,8/31/2016,47.04,,8/31/2016,44.7,,,,,,,,12/31/2014,3.4,,12/31/2014,8.9,,,,,8/31/2016,2.115,,8/31/2016,2.787,,1997-06-01,9,,9/28/2001,5004.7
5/31/2016,5.9,,9/30/2015,2.6,,9/30/2001,8.7,,7/29/2016,1351.28,,7/29/2016,18.68,,7/29/2016,42.46,,7/29/2016,41.6,,,,,,,,11/30/2014,3,,11/30/2014,8.1,,,,,7/29/2016,2.215,,7/29/2016,2.778,,1997-07-01,9,,6/29/2001,-895.8
4/30/2016,7.4,,8/31/2015,3.5,,6/30/2001,9,,6/30/2016,1321.9,,6/30/2016,18,,6/30/2016,49.68,,6/30/2016,48.33,,,,,,,,10/31/2014,4.7,,10/31/2014,8.5,,,,,6/30/2016,2.36,,6/30/2016,2.834,,1997-08-01,9,,3/30/2001,5994.4
3/31/2016,7.6,,7/31/2015,4.3,,3/31/2001,9.5,,5/31/2016,1215.32,,5/31/2016,17.8,,5/31/2016,49.69,,5/31/2016,49.1,,,,,,,,9/30/2014,3.9,,9/30/2014,9.1,,,,,5/31/2016,2.346,,5/31/2016,2.975,,1997-09-01,9,,12/29/2000,7477.2
2/29/2016,7.3,,6/30/2015,4.6,,12/31/2000,8.5,,4/29/2016,1293.53,,4/29/2016,17.84,,4/29/2016,48.13,,4/29/2016,45.92,,,,,,,,8/31/2014,4.2,,8/31/2014,8,,,,,4/29/2016,2.311,,4/29/2016,2.889,,1997-10-01,8.55,,9/29/2000,6646.4
1/31/2016,3.6,,5/31/2015,5.1,,9/30/2000,8.9,,3/31/2016,1232.75,,3/31/2016,17.92,,3/31/2016,39.6,,3/31/2016,38.34,,,,,,,,7/31/2014,6.2,,7/31/2014,10,,,,,3/31/2016,2.084,,3/31/2016,2.843,,1997-11-01,8.55,,6/30/2000,2655.7
12/31/2015,2.7,,4/30/2015,6,,6/30/2000,8.9,,2/29/2016,1238.67,,2/29/2016,16.04,,2/29/2016,35.97,,2/29/2016,33.75,,,,,,,,6/30/2014,7.9,,6/30/2014,9.8,,,,,2/29/2016,2.245,,2/29/2016,2.878,,1997-12-01,8.55,,3/31/2000,3652.2
11/30/2015,2.3,,3/31/2015,8.5,,3/31/2000,8.7,,1/29/2016,1118.21,,1/29/2016,16.5,,1/29/2016,34.74,,1/29/2016,33.62,,,,,,,,5/31/2014,4.3,,5/31/2014,9.9,,,,,1/29/2016,2.38,,1/29/2016,2.839,,1998-01-01,8.55,,12/31/1999,9400.4
10/31/2015,1.9,,2/28/2015,10.4,,12/31/1999,7.7,,12/31/2015,1061.1,,12/31/2015,18.9,,12/31/2015,37.28,,12/31/2015,37.04,,,,,,,,4/30/2014,4.5,,4/30/2014,9.8,,,,,12/31/2015,2.333,,12/31/2015,2.83,,1998-02-01,8.55,,9/30/1999,10056.8
9/30/2015,2.7,,12/31/2014,10.5,,9/30/1999,8.1,,11/30/2015,1064.77,,11/30/2015,20.6,,11/30/2015,44.61,,11/30/2015,41.65,,,,,,,,3/31/2014,2.9,,3/31/2014,9.9,,,,,11/30/2015,2.543,,11/30/2015,3.042,,1998-03-01,6.39,,6/30/1999,503.7
8/31/2015,3.7,,11/30/2014,11.9,,6/30/1999,8.3,,10/30/2015,1142.11,,10/30/2015,20.6,,10/30/2015,49.56,,10/30/2015,46.59,,,,,,,,12/31/2013,5.4,,12/31/2013,10.7,,,,,10/30/2015,2.38,,10/30/2015,3.056,,1998-04-01,6.39,,3/31/1999,1153.3
7/31/2015,2.7,,10/31/2014,12.4,,3/31/1999,8.9,,9/30/2015,1115.09,,9/30/2015,18.66,,9/30/2015,48.37,,9/30/2015,45.09,,,,,,,,11/30/2013,5.6,,11/30/2013,11,,,,,9/30/2015,2.33,,9/30/2015,3.252,,1998-05-01,6.39,,12/31/1998,11387.9
6/30/2015,1.9,,9/30/2014,12.5,,12/31/1998,7.8,,8/31/2015,1134.93,,8/31/2015,19.1,,8/31/2015,54.15,,8/31/2015,49.2,,,,,,,,10/31/2013,4.3,,10/31/2013,11.4,,,,,8/31/2015,2.278,,8/31/2015,3.337,,1998-06-01,6.39,,9/30/1998,5253
5/31/2015,1.6,,8/31/2014,13.2,,9/30/1998,7.3,,7/31/2015,1095.8,,7/31/2015,21.6,,7/31/2015,52.21,,7/31/2015,47.12,,,,,,,,9/30/2013,4.9,,9/30/2013,11.1,,,,,7/31/2015,2.195,,7/31/2015,3.503,,1998-07-01,5.22,,6/30/1998,4359.3
4/30/2015,2.7,,7/31/2014,13.7,,6/30/1998,7.1,,6/30/2015,1172.35,,6/30/2015,24.25,,6/30/2015,63.59,,6/30/2015,59.47,,,,,,,,8/31/2013,5.8,,8/31/2013,10.9,,,,,6/30/2015,1.696,,6/30/2015,3.599,,1998-08-01,5.22,,3/31/1998,10471.2
3/31/2015,2.3,,6/30/2014,14.1,,3/31/1998,7.3,,5/29/2015,1190.58,,5/29/2015,25.8,,5/29/2015,65.56,,5/29/2015,60.3,,,,,,,,7/31/2013,5.5,,7/31/2013,10.5,,,,,5/29/2015,2.069,,5/29/2015,3.584,,1998-09-01,5.22,,,
2/28/2015,2.4,,5/31/2014,14.7,,12/31/1997,9.2,,4/30/2015,1184.37,,4/30/2015,26.9,,4/30/2015,66.78,,4/30/2015,59.63,,,,,,,,6/30/2013,5.8,,6/30/2013,9.6,,,,,4/30/2015,2.849,,4/30/2015,3.39,,1998-10-01,5.22,,,
1/31/2015,1.1,,4/30/2014,16.4,,9/30/1997,9.5,,3/31/2015,1183.57,,3/31/2015,23.15,,3/31/2015,55.11,,3/31/2015,47.6,,,,,,,,,,,,,,,,,3/31/2015,3.142,,3/31/2015,3.627,,1998-11-01,5.22,,,
12/31/2014,2.9,,3/31/2014,16.8,,6/30/1997,10.1,,2/27/2015,1213.18,,2/27/2015,22.5,,2/27/2015,62.58,,2/27/2015,49.76,,,,,,,,,,,,,,,,,2/27/2015,3.061,,2/27/2015,3.307,,1998-12-01,4.59,,,
11/30/2014,2.3,,2/28/2014,19.3,,3/31/1997,10.1,,1/30/2015,1283.79,,1/30/2015,21.9,,1/30/2015,52.99,,1/30/2015,48.24,,,,,,,,,,,,,,,,,1/30/2015,3.133,,1/30/2015,3.483,,1999-01-01,4.59,,,
10/31/2014,2.5,,12/31/2013,19.8,,12/31/1996,9.9,,12/31/2014,1184.37,,12/31/2014,21.15,,12/31/2014,57.33,,12/31/2014,53.27,,,,,,,,,,,,,,,,,12/31/2014,3.261,,12/31/2014,3.631,,1999-02-01,4.59,,,
9/30/2014,2.3,,11/30/2013,19.5,,9/30/1996,9.8,,11/28/2014,1167.38,,11/28/2014,21.65,,11/28/2014,70.15,,11/28/2014,66.15,,,,,,,,,,,,,,,,,11/28/2014,3.065,,11/28/2014,3.53,,1999-03-01,4.59,,,
8/31/2014,3,,10/31/2013,19.2,,6/30/1996,10.1,,10/31/2014,1172.94,,10/31/2014,21.2,,10/31/2014,85.86,,10/31/2014,80.54,,,,,,,,,,,,,,,,,10/31/2014,3.371,,10/31/2014,3.769,,1999-04-01,4.59,,,
7/31/2014,3.6,,9/30/2013,19.7,,3/31/1996,10.9,,9/30/2014,1208.15,,9/30/2014,20.4,,9/30/2014,94.67,,9/30/2014,91.16,,,,,,,,,,,,,,,,,9/30/2014,3.737,,9/30/2014,3.987,,1999-05-01,4.59,,,
6/30/2014,3.7,,8/31/2013,19.3,,12/31/1995,11,,8/29/2014,1287.32,,8/29/2014,21.8,,8/29/2014,103.19,,8/29/2014,95.96,,,,,,,,,,,,,,,,,8/29/2014,3.745,,8/29/2014,4.232,,1999-06-01,3.24,,,
5/31/2014,4.1,,7/31/2013,20.5,,9/30/1995,11,,7/31/2014,1282.59,,7/31/2014,21.7,,7/31/2014,106.02,,7/31/2014,98.17,,,,,,,,,,,,,,,,,7/31/2014,3.654,,7/31/2014,4.257,,1999-07-01,3.24,,,
4/30/2014,2.3,,6/30/2013,20.3,,6/30/1995,11.4,,6/30/2014,1327.33,,6/30/2014,20.2,,6/30/2014,112.36,,6/30/2014,105.37,,,,,,,,,,,,,,,,,6/30/2014,3.398,,6/30/2014,4.05,,1999-08-01,3.24,,,
3/31/2014,4.1,,5/31/2013,20.6,,3/31/1995,11.9,,5/30/2014,1249.68,,5/30/2014,19.68,,5/30/2014,109.41,,5/30/2014,102.71,,,,,,,,,,,,,,,,,5/30/2014,3.37,,5/30/2014,4.115,,1999-09-01,3.24,,,
2/28/2014,2.7,,4/30/2013,21.1,,12/31/1994,13,,4/30/2014,1291.6,,4/30/2014,18.66,,4/30/2014,108.07,,4/30/2014,99.74,,,,,,,,,,,,,,,,,4/30/2014,3.501,,4/30/2014,4.342,,1999-10-01,3.24,,,
1/31/2014,3.7,,3/31/2013,20.2,,9/30/1994,13.5,,3/31/2014,1284.01,,3/31/2014,19.12,,3/31/2014,107.76,,3/31/2014,101.58,,,,,,,,,,,,,,,,,3/31/2014,3.246,,3/31/2014,4.49,,1999-11-01,3.24,,,
12/31/2013,4.1,,2/28/2013,22.8,,6/30/1994,13.7,,2/28/2014,1326.39,,2/28/2014,19.54,,2/28/2014,109.07,,2/28/2014,102.59,,,,,,,,,,,,,,,,,2/28/2014,3.198,,2/28/2014,4.396,,1999-12-01,3.24,,,
11/30/2013,5.9,,12/31/2012,16.2,,3/31/1994,14.1,,1/31/2014,1244.55,,1/31/2014,19,,1/31/2014,106.4,,1/31/2014,97.49,,,,,,,,,,,,,,,,,1/31/2014,3.6,,1/31/2014,4.5,,2000-01-01,3.24,,,
10/31/2013,6.5,,11/30/2012,16.7,,12/31/1993,13.9,,12/31/2013,1201.64,,12/31/2013,20.3,,12/31/2013,110.8,,12/31/2013,98.42,,,,,,,,,,,,,,,,,12/31/2013,4.084,,12/31/2013,4.576,,2000-02-01,3.24,,,
9/30/2013,6.1,,10/31/2012,15.4,,9/30/1993,13.8,,11/29/2013,1253.35,,11/29/2013,21.65,,11/29/2013,109.69,,11/29/2013,92.72,,,,,,,,,,,,,,,,,11/29/2013,4.058,,11/29/2013,4.395,,2000-03-01,3.24,,,
8/31/2013,4.7,,9/30/2012,15.4,,6/30/1993,14.3,,10/31/2013,1323.06,,10/31/2013,20.7,,10/31/2013,108.84,,10/31/2013,96.38,,,,,,,,,,,,,,,,,10/31/2013,3.889,,10/31/2013,4.203,,2000-04-01,3.24,,,
7/31/2013,5,,8/31/2012,15.6,,3/31/1993,15.3,,9/30/2013,1329.03,,9/30/2013,20.25,,9/30/2013,108.37,,9/30/2013,102.33,,,,,,,,,,,,,,,,,9/30/2013,3.432,,9/30/2013,4.007,,2000-05-01,3.24,,,
6/30/2013,4.9,,7/31/2012,15.4,,12/31/1992,14.2,,8/30/2013,1395.27,,8/30/2013,19.24,,8/30/2013,114.01,,8/30/2013,107.65,,,,,,,,,,,,,,,,,8/30/2013,3.6,,8/30/2013,4.018,,2000-06-01,3.24,,,
5/31/2013,3.2,,6/30/2012,16.6,,9/30/1992,14.1,,7/31/2013,1325.07,,7/31/2013,18.78,,7/31/2013,107.7,,7/31/2013,105.03,,,,,,,,,,,,,,,,,7/31/2013,3.448,,7/31/2013,3.732,,2000-07-01,3.24,,,
4/30/2013,4,,5/31/2012,18.5,,6/30/1992,13.8,,6/28/2013,1234.53,,6/28/2013,18.06,,6/28/2013,102.16,,6/28/2013,96.56,,,,,,,,,,,,,,,,,6/28/2013,3.395,,6/28/2013,3.53,,2000-08-01,3.24,,,
3/31/2013,2.7,,4/30/2012,18.7,,3/31/1992,13.6,,5/31/2013,1387.8,,5/31/2013,19.56,,5/31/2013,100.39,,5/31/2013,91.97,,,,,,,,,,,,,,,,,5/31/2013,2.897,,5/31/2013,3.436,,2000-09-01,3.24,,,
2/28/2013,6,,3/31/2012,23.5,,12/31/1991,9.3,,4/30/2013,1476.71,,4/30/2013,19.76,,4/30/2013,102.37,,4/30/2013,93.46,,,,,,,,,,,,,,,,,4/30/2013,2.786,,4/30/2013,3.432,,2000-10-01,3.24,,,
1/31/2013,2.9,,2/29/2012,27.8,,12/31/1990,3.9,,3/29/2013,1597.5,,3/29/2013,19.38,,3/29/2013,110.02,,3/29/2013,97.23,,,,,,,,,,,,,,,,,3/29/2013,2.67,,3/29/2013,3.55,,2000-11-01,3.24,,,
12/31/2012,4.2,,12/31/2011,27.9,,,,,2/28/2013,1579.61,,2/28/2013,20.45,,2/28/2013,111.38,,2/28/2013,92.05,,,,,,,,,,,,,,,,,2/28/2013,2.718,,2/28/2013,3.584,,2000-12-01,3.24,,,
11/30/2012,3,,11/30/2011,29.9,,,,,1/31/2013,1663.7,,1/31/2013,21.3,,1/31/2013,115.55,,1/31/2013,97.49,,,,,,,,,,,,,,,,,1/31/2013,2.8,,1/31/2013,3.601,,2001-01-01,3.24,,,
10/31/2012,1.8,,10/31/2011,31.1,,,,,12/31/2012,1675.35,,12/31/2012,20.4,,12/31/2012,111.11,,12/31/2012,91.82,,,,,,,,,,,,,,,,,12/31/2012,2.824,,12/31/2012,3.579,,2001-02-01,3.24,,,
9/30/2012,2.5,,9/30/2011,32,,,,,11/30/2012,1714.98,,11/30/2012,20.15,,11/30/2012,111.23,,11/30/2012,88.91,,,,,,,,,,,,,,,,,11/30/2012,2.864,,11/30/2012,3.522,,2001-03-01,3.24,,,
8/31/2012,3.4,,8/31/2011,33.2,,,,,10/31/2012,1720.65,,10/31/2012,19.62,,10/31/2012,108.7,,10/31/2012,86.24,,,,,,,,,,,,,,,,,10/31/2012,2.771,,10/31/2012,3.558,,2001-04-01,3.24,,,
7/31/2012,2.4,,7/31/2011,33.6,,,,,9/28/2012,1772.25,,9/28/2012,18.56,,9/28/2012,112.39,,9/28/2012,92.19,,,,,,,,,,,,,,,,,9/28/2012,2.716,,9/28/2012,3.45,,2001-05-01,3.24,,,
6/30/2012,3.8,,6/30/2011,32.9,,,,,8/31/2012,1691.85,,8/31/2012,17.42,,8/31/2012,114.57,,8/31/2012,96.47,,,,,,,,,,,,,,,,,8/31/2012,2.687,,8/31/2012,3.384,,2001-06-01,3.24,,,
5/31/2012,6.4,,5/31/2011,34.6,,,,,7/31/2012,1614.58,,7/31/2012,18,,7/31/2012,104.92,,7/31/2012,88.06,,,,,,,,,,,,,,,,,7/31/2012,2.277,,7/31/2012,3.284,,2001-07-01,3.24,,,
4/30/2012,7,,4/30/2011,34.3,,,,,6/29/2012,1597.45,,6/29/2012,17.74,,6/29/2012,97.8,,6/29/2012,84.96,,,,,,,,,,,,,,,,,6/29/2012,2.26,,6/29/2012,3.324,,2001-08-01,3.24,,,
3/31/2012,7.5,,3/31/2011,34.1,,,,,5/31/2012,1560.51,,5/31/2012,17.5,,5/31/2012,101.87,,5/31/2012,86.53,,,,,,,,,,,,,,,,,5/31/2012,2.189,,5/31/2012,3.355,,2001-09-01,3.24,,,
2/29/2012,6.2,,2/28/2011,35.2,,,,,4/30/2012,1664.75,,4/30/2012,19.48,,4/30/2012,119.47,,4/30/2012,104.87,,,,,,,,,,,,,,,,,4/30/2012,2.819,,4/30/2012,3.532,,2001-10-01,3.24,,,
1/31/2012,10.5,,12/31/2010,33.2,,,,,3/30/2012,1668.15,,3/30/2012,18.86,,3/30/2012,122.88,,3/30/2012,103.02,,,,,,,,,,,,,,,,,3/30/2012,2.821,,3/30/2012,3.505,,2001-11-01,3.24,,,
12/31/2011,9.1,,11/30/2010,36.5,,,,,2/29/2012,1696.76,,2/29/2012,20.2,,2/29/2012,122.66,,2/29/2012,107.07,,,,,,,,,,,,,,,,,2/29/2012,2.931,,2/29/2012,3.536,,2001-12-01,3.24,,,
11/30/2011,8.8,,10/31/2010,36.5,,,,,1/31/2012,1737.76,,1/31/2012,18.96,,1/31/2012,110.98,,1/31/2012,98.48,,,,,,,,,,,,,,,,,1/31/2012,2.772,,1/31/2012,3.393,,2002-01-01,3.24,,,
10/31/2011,11.9,,9/30/2010,36.4,,,,,12/30/2011,1564.91,,12/30/2011,17.2,,12/30/2011,107.38,,12/30/2011,98.83,,,,,,,,,,,,,,,,,12/30/2011,2.516,,12/30/2011,3.421,,2002-02-01,2.7,,,
9/30/2011,13.4,,8/31/2010,36.7,,,,,11/30/2011,1746.35,,11/30/2011,17.46,,11/30/2011,110.52,,11/30/2011,100.36,,,,,,,,,,,,,,,,,11/30/2011,2.648,,11/30/2011,3.623,,2002-03-01,2.7,,,
8/31/2011,13.4,,7/31/2010,37.2,,,,,10/31/2011,1714.7,,10/31/2011,18.9,,10/31/2011,109.56,,10/31/2011,93.19,,,,,,,,,,,,,,,,,10/31/2011,3.078,,10/31/2011,3.769,,2002-04-01,2.7,,,
7/31/2011,14.8,,6/30/2010,38.1,,,,,9/30/2011,1623.79,,9/30/2011,16.4,,9/30/2011,102.76,,9/30/2011,79.2,,,,,,,,,,,,,,,,,9/30/2011,3.553,,9/30/2011,3.881,,2002-05-01,2.7,,,
6/30/2011,14.4,,5/31/2010,38.2,,,,,8/31/2011,1825.55,,8/31/2011,19.74,,8/31/2011,114.85,,8/31/2011,88.81,,,,,,,,,,,,,,,,,8/31/2011,3.882,,8/31/2011,4.101,,2002-06-01,2.7,,,
5/31/2011,11.7,,4/30/2010,36.2,,,,,7/29/2011,1627.05,,7/29/2011,21.8,,7/29/2011,116.74,,7/29/2011,95.7,,,,,,,,,,,,,,,,,7/29/2011,3.721,,7/29/2011,4.049,,2002-07-01,2.7,,,
4/30/2011,11.5,,3/31/2010,35.1,,,,,6/30/2011,1500.18,,6/30/2011,22.05,,6/30/2011,112.48,,6/30/2011,95.42,,,,,,,,,,,,,,,,,6/30/2011,3.427,,6/30/2011,3.87,,2002-08-01,2.7,,,
3/31/2011,11.7,,2/28/2010,31.1,,,,,5/31/2011,1535.73,,5/31/2011,23,,5/31/2011,116.73,,5/31/2011,102.7,,,,,,,,,,,,,,,,,5/31/2011,2.96,,5/31/2011,3.828,,2002-09-01,2.7,,,
2/28/2011,11,,12/31/2009,16.1,,,,,4/29/2011,1563.7,,4/29/2011,22.55,,4/29/2011,125.89,,4/29/2011,113.93,,,,,,,,,,,,,,,,,4/29/2011,2.83,,4/29/2011,3.869,,2002-10-01,2.7,,,
1/31/2011,10.3,,11/30/2009,17.8,,,,,3/31/2011,1432.2,,3/31/2011,22.35,,3/31/2011,117.36,,3/31/2011,106.72,,,,,,,,,,,,,,,,,3/31/2011,2.859,,3/31/2011,3.885,,2002-11-01,2.7,,,
12/31/2010,9.6,,10/31/2009,16.6,,,,,2/28/2011,1411.33,,2/28/2011,21.4,,2/28/2011,111.8,,2/28/2011,96.97,,,,,,,,,,,,,,,,,2/28/2011,2.996,,2/28/2011,3.934,,2002-12-01,2.7,,,
11/30/2010,11.7,,9/30/2009,15.4,,,,,1/31/2011,1332.68,,1/31/2011,21.75,,1/31/2011,101.01,,1/31/2011,92.19,,,,,,,,,,,,,,,,,1/31/2011,3.118,,1/31/2011,4.003,,2003-01-01,2.7,,,
10/31/2010,10.1,,8/31/2009,12.5,,,,,12/31/2010,1421.4,,12/31/2010,21.85,,12/31/2010,94.75,,12/31/2010,91.38,,,,,,,,,,,,,,,,,12/31/2010,3.237,,12/31/2010,3.85,,2003-02-01,2.7,,,
9/30/2010,8,,7/31/2009,9.5,,,,,11/30/2010,1386.23,,11/30/2010,22.5,,11/30/2010,85.92,,11/30/2010,84.11,,,,,,,,,,,,,,,,,11/30/2010,2.644,,11/30/2010,3.928,,2003-03-01,2.7,,,
8/31/2010,7.5,,6/30/2009,8.3,,,,,10/29/2010,1359.4,,10/29/2010,22.8,,10/29/2010,83.15,,10/29/2010,81.43,,,,,,,,,,,,,,,,,10/29/2010,1.994,,10/29/2010,3.673,,2003-04-01,2.7,,,
7/31/2010,6.8,,5/31/2009,5.8,,,,,9/30/2010,1308.54,,9/30/2010,22.05,,9/30/2010,82.31,,9/30/2010,79.97,,,,,,,,,,,,,,,,,9/30/2010,1.897,,9/30/2010,3.3,,2003-05-01,2.7,,,
6/30/2010,5.7,,4/30/2009,4.9,,,,,8/31/2010,1247.4,,8/31/2010,20.45,,8/31/2010,74.64,,8/31/2010,71.92,,,,,,,,,,,,,,,,,8/31/2010,1.906,,8/31/2010,3.219,,2003-06-01,2.7,,,
5/31/2010,6.1,,3/31/2009,4.1,,,,,7/30/2010,1181,,7/30/2010,20.85,,7/30/2010,78.18,,7/30/2010,78.95,,,,,,,,,,,,,,,,,7/30/2010,1.891,,7/30/2010,3.278,,2003-07-01,2.7,,,
4/30/2010,5.9,,2/28/2009,1,,,,,6/30/2010,1242.38,,6/30/2010,20.4,,6/30/2010,75.01,,6/30/2010,75.63,,,,,,,,,,,,,,,,,6/30/2010,1.855,,6/30/2010,3.269,,2003-08-01,2.7,,,
3/31/2010,5.2,,12/31/2008,20.9,,,,,5/31/2010,1216.3,,5/31/2010,19.84,,5/31/2010,74.65,,5/31/2010,73.97,,,,,,,,,,,,,,,,,5/31/2010,1.803,,5/31/2010,3.258,,2003-09-01,2.7,,,
2/28/2010,6.2,,11/30/2008,22.7,,,,,4/30/2010,1179.03,,4/30/2010,20.9,,4/30/2010,87.44,,4/30/2010,86.15,,,,,,,,,,,,,,,,,4/30/2010,1.486,,4/30/2010,3.339,,2003-10-01,2.7,,,
1/31/2010,3.7,,10/31/2008,24.6,,,,,3/31/2010,1113.25,,3/31/2010,21.15,,3/31/2010,82.7,,3/31/2010,83.76,,,,,,,,,,,,,,,,,3/31/2010,1.485,,3/31/2010,3.464,,2003-11-01,2.7,,,
12/31/2009,5.3,,9/30/2008,26.5,,,,,2/26/2010,1117.59,,2/26/2010,19.94,,2/26/2010,77.59,,2/26/2010,79.66,,,,,,,,,,,,,,,,,2/26/2010,1.632,,2/26/2010,3.515,,2003-12-01,2.7,,,
11/30/2009,3.2,,8/31/2008,29.1,,,,,1/29/2010,1081.2,,1/29/2010,19.56,,1/29/2010,71.46,,1/29/2010,72.89,,,,,,,,,,,,,,,,,1/29/2010,1.661,,1/29/2010,3.572,,2004-01-01,2.7,,,
10/31/2009,1.6,,7/31/2008,30.9,,,,,12/31/2009,1096.98,,12/31/2009,21.3,,12/31/2009,77.93,,12/31/2009,79.36,,,,,,,,,,,,,,,,,12/31/2009,1.585,,12/31/2009,3.627,,2004-02-01,2.7,,,
9/30/2009,1.5,,6/30/2008,33.5,,,,,11/30/2009,1179.63,,11/30/2009,21.65,,11/30/2009,78.47,,11/30/2009,77.28,,,,,,,,,,,,,,,,,11/30/2009,1.568,,11/30/2009,3.577,,2004-03-01,2.7,,,
8/31/2009,0.5,,5/31/2008,31.9,,,,,10/30/2009,1045.45,,10/30/2009,21.1,,10/30/2009,75.2,,10/30/2009,77,,,,,,,,,,,,,,,,,10/30/2009,1.496,,10/30/2009,3.678,,2004-04-01,2.7,,,
7/31/2009,-1.2,,4/30/2008,32.1,,,,,9/30/2009,1007.7,,9/30/2009,20.1,,9/30/2009,69.07,,9/30/2009,70.61,,,,,,,,,,,,,,,,,9/30/2009,1.545,,9/30/2009,3.495,,2004-05-01,2.7,,,
6/30/2009,-1.1,,3/31/2008,32.3,,,,,8/31/2009,951.19,,8/31/2009,19.06,,8/31/2009,69.65,,8/31/2009,69.96,,,,,,,,,,,,,,,,,8/31/2009,1.642,,8/31/2009,3.48,,2004-06-01,2.7,,,
5/31/2009,-0.6,,2/29/2008,32.9,,,,,7/31/2009,954,,7/31/2009,20.65,,7/31/2009,71.7,,7/31/2009,69.45,,,,,,,,,,,,,,,,,7/31/2009,1.618,,7/31/2009,3.499,,2004-07-01,2.7,,,
4/30/2009,-1.3,,12/31/2007,30.2,,,,,6/30/2009,926.5,,6/30/2009,18.76,,6/30/2009,69.3,,6/30/2009,69.89,,,,,,,,,,,,,,,,,6/30/2009,0.959,,6/30/2009,3.158,,2004-08-01,2.7,,,
3/31/2009,-0.7,,11/30/2007,31.8,,,,,5/29/2009,979.18,,5/29/2009,17.88,,5/29/2009,65.52,,5/29/2009,66.31,,,,,,,,,,,,,,,,,5/29/2009,0.967,,5/29/2009,3.042,,2004-09-01,2.7,,,
2/28/2009,-1.9,,10/31/2007,31.4,,,,,4/30/2009,888.2,,4/30/2009,15.18,,4/30/2009,50.8,,4/30/2009,51.12,,,,,,,,,,,,,,,,,4/30/2009,1.029,,4/30/2009,3.088,,2004-10-01,3.33,,,
1/31/2009,4.2,,9/30/2007,30.3,,,,,3/31/2009,919.35,,3/31/2009,13.7,,3/31/2009,49.23,,3/31/2009,49.66,,,,,,,,,,,,,,,,,3/31/2009,1.057,,3/31/2009,3.126,,2004-11-01,3.33,,,
12/31/2008,4.2,,8/31/2007,29,,,,,2/27/2009,942.32,,2/27/2009,12.04,,2/27/2009,46.35,,2/27/2009,44.76,,,,,,,,,,,,,,,,,2/27/2009,1.143,,2/27/2009,3.085,,2004-12-01,3.33,,,
11/30/2008,5.9,,7/31/2007,28.9,,,,,1/30/2009,927.85,,1/30/2009,12.62,,1/30/2009,45.88,,1/30/2009,41.68,,,,,,,,,,,,,,,,,1/30/2009,1.106,,1/30/2009,3.037,,2005-01-01,3.33,,,
10/31/2008,8.5,,6/30/2007,28.5,,,,,12/31/2008,882.05,,12/31/2008,13.8,,12/31/2008,45.59,,12/31/2008,44.6,,,,,,,,,,,,,,,,,12/31/2008,1.091,,12/31/2008,2.711,,2005-02-01,3.33,,,
9/30/2008,9.7,,5/31/2007,27.5,,,,,11/28/2008,818.05,,11/28/2008,12.72,,11/28/2008,53.49,,11/28/2008,54.43,,,,,,,,,,,,,,,,,11/28/2008,1.902,,11/28/2008,2.94,,2005-03-01,3.33,,,
8/31/2008,10.3,,4/30/2007,27.4,,,,,10/31/2008,723.85,,10/31/2008,12.12,,10/31/2008,65.32,,10/31/2008,67.81,,,,,,,,,,,,,,,,,10/31/2008,2.546,,10/31/2008,3.064,,2005-04-01,3.33,,,
7/31/2008,14.4,,3/31/2007,26.9,,,,,9/30/2008,870.95,,9/30/2008,15.64,,9/30/2008,98.17,,9/30/2008,100.64,,,,,,,,,,,,,,,,,9/30/2008,3.399,,9/30/2008,3.736,,2005-05-01,3.33,,,
6/30/2008,17.3,,2/28/2007,24.3,,,,,8/29/2008,831.15,,8/29/2008,20.05,,8/29/2008,114.05,,8/29/2008,115.46,,,,,,,,,,,,,,,,,8/29/2008,3.464,,8/29/2008,4.332,,2005-06-01,3.33,,,
5/31/2008,19.9,,12/31/2006,21.8,,,,,7/31/2008,914.1,,7/31/2008,21.65,,7/31/2008,123.98,,7/31/2008,124.08,,,,,,,,,,,,,,,,,7/31/2008,3.488,,7/31/2008,4.442,,2005-07-01,3.33,,,
4/30/2008,22.1,,11/30/2006,24,,,,,6/30/2008,925.4,,6/30/2008,21.05,,6/30/2008,139.83,,6/30/2008,140,,,,,,,,,,,,,,,,,6/30/2008,3.425,,6/30/2008,4.503,,2005-08-01,3.33,,,
3/31/2008,21.4,,10/31/2006,24.1,,,,,5/30/2008,886.5,,5/30/2008,24,,5/30/2008,127.78,,5/30/2008,127.35,,,,,,,,,,,,,,,,,5/30/2008,3.536,,5/30/2008,4.154,,2005-09-01,3.33,,,
2/29/2008,23.3,,9/30/2006,24.3,,,,,4/30/2008,877.55,,4/30/2008,25.35,,4/30/2008,111.36,,4/30/2008,113.46,,,,,,,,,,,,,,,,,4/30/2008,3.4,,4/30/2008,4.052,,2005-10-01,3.33,,,
1/31/2008,18.2,,8/31/2006,24,,,,,3/31/2008,916.9,,3/31/2008,21.55,,3/31/2008,100.3,,3/31/2008,101.58,,,,,,,,,,,,,,,,,3/31/2008,3.514,,3/31/2008,4.006,,2005-11-01,3.33,,,
12/31/2007,16.7,,7/31/2006,24,,,,,2/29/2008,973.9,,2/29/2008,24.8,,2/29/2008,100.1,,2/29/2008,101.84,,,,,,,,,,,,,,,,,2/29/2008,3.469,,2/29/2008,4.129,,2005-12-01,3.33,,,
11/30/2007,18.2,,6/30/2006,24.2,,,,,1/31/2008,926.1,,1/31/2008,22.35,,1/31/2008,92.21,,1/31/2008,91.75,,,,,,,,,,,,,,,,,1/31/2008,3.744,,1/31/2008,4.235,,2006-01-01,3.33,,,
10/31/2007,17.6,,5/31/2006,21.8,,,,,12/31/2007,833.7,,12/31/2007,28.5,,12/31/2007,93.85,,12/31/2007,95.98,,,,,,,,,,,,,,,,,12/31/2007,3.731,,12/31/2007,4.444,,2006-02-01,3.33,,,
9/30/2007,16.9,,4/30/2006,21.3,,,,,11/30/2007,783.55,,11/30/2007,30,,11/30/2007,88.26,,11/30/2007,88.71,,,,,,,,,,,,,,,,,11/30/2007,3.798,,11/30/2007,4.518,,2006-03-01,3.33,,,
8/31/2007,18.2,,3/31/2006,20.2,,,,,10/31/2007,796.8,,10/31/2007,34.95,,10/31/2007,90.63,,10/31/2007,94.53,,,,,,,,,,,,,,,,,10/31/2007,3.382,,10/31/2007,4.456,,2006-04-01,3.33,,,
7/31/2007,15.4,,2/28/2006,19.7,,,,,9/28/2007,743.6,,9/28/2007,29.8,,9/28/2007,79.17,,9/28/2007,81.66,,,,,,,,,,,,,,,,,9/28/2007,3.078,,9/28/2007,4.343,,2006-05-01,3.33,,,
6/30/2007,11.3,,12/31/2005,19.8,,,,,8/31/2007,673.3,,8/31/2007,24.9,,8/31/2007,72.69,,8/31/2007,74.04,,,,,,,,,,,,,,,,,8/31/2007,2.888,,8/31/2007,4.225,,2006-06-01,3.33,,,
5/31/2007,8.3,,11/30/2005,22.2,,,,,7/31/2007,664.3,,7/31/2007,23.4,,7/31/2007,77.05,,7/31/2007,78.21,,,,,,,,,,,,,,,,,7/31/2007,2.862,,7/31/2007,4.265,,2006-07-01,3.33,,,
4/30/2007,7.1,,10/31/2005,21.6,,,,,6/29/2007,649.65,,6/29/2007,21.167,,6/29/2007,71.41,,6/29/2007,70.68,,,,,,,,,,,,,,,,,6/29/2007,2.587,,6/29/2007,4.386,,2006-08-01,3.33,,,
3/31/2007,7.7,,9/30/2005,22.2,,,,,5/31/2007,660.5,,5/31/2007,18.833,,5/31/2007,68.04,,5/31/2007,64.01,,,,,,,,,,,,,,,,,5/31/2007,2.434,,5/31/2007,3.981,,2006-09-01,3.33,,,
2/28/2007,6,,8/31/2005,22.3,,,,,4/30/2007,678.45,,4/30/2007,17.433,,4/30/2007,67.65,,4/30/2007,65.71,,,,,,,,,,,,,,,,,4/30/2007,2.332,,4/30/2007,3.659,,2006-10-01,3.33,,,
1/31/2007,5,,7/31/2005,23.5,,,,,3/30/2007,663.8,,3/30/2007,16.933,,3/30/2007,68.1,,3/30/2007,65.87,,,,,,,,,,,,,,,,,3/30/2007,2.148,,3/30/2007,3.402,,2006-11-01,3.33,,,
12/31/2006,6.3,,6/30/2005,24.3,,,,,2/28/2007,669.35,,2/28/2007,16.267,,2/28/2007,61.89,,2/28/2007,61.79,,,,,,,,,,,,,,,,,2/28/2007,2.12,,2/28/2007,3.078,,2006-12-01,3.33,,,
11/30/2006,3.7,,5/31/2005,24.3,,,,,1/31/2007,653.2,,1/31/2007,16.567,,1/31/2007,57.4,,1/31/2007,58.14,,,,,,,,,,,,,,,,,1/31/2007,2.081,,1/31/2007,3.05,,2007-01-01,3.33,,,
10/31/2006,2.2,,4/30/2005,25.9,,,,,12/29/2006,636.7,,12/29/2006,17.617,,12/29/2006,60.86,,12/29/2006,61.05,,,,,,,,,,,,,,,,,12/29/2006,2.106,,12/29/2006,3.016,,2007-02-01,3.33,,,
9/30/2006,2.4,,3/31/2005,26.7,,,,,11/30/2006,648,,11/30/2006,15.85,,11/30/2006,64.26,,11/30/2006,63.13,,,,,,,,,,,,,,,,,11/30/2006,2.092,,11/30/2006,2.966,,2007-03-01,3.33,,,
8/31/2006,1.4,,2/28/2005,27,,,,,10/31/2006,606.6,,10/31/2006,14,,10/31/2006,59.03,,10/31/2006,58.73,,,,,,,,,,,,,,,,,10/31/2006,2.027,,11/30/2005,3.318,,2007-04-01,3.33,,,
7/31/2006,0.6,,12/31/2004,28.1,,,,,9/29/2006,598.3,,9/29/2006,13.083,,9/29/2006,62.48,,9/29/2006,62.91,,,,,,,,,,,,,,,,,9/29/2006,2.052,,,,,2007-05-01,3.33,,,
6/30/2006,2.1,,11/30/2004,29.2,,,,,8/31/2006,627.3,,8/31/2006,12.617,,8/31/2006,70.25,,8/31/2006,70.26,,,,,,,,,,,,,,,,,8/31/2006,2.145,,,,,2007-06-01,3.33,,,
5/31/2006,1.9,,10/31/2004,28.9,,,,,7/31/2006,636.75,,7/31/2006,12.433,,7/31/2006,75.15,,7/31/2006,74.4,,,,,,,,,,,,,,,,,7/31/2006,2.231,,,,,2007-07-01,3.33,,,
4/30/2006,1.8,,9/30/2004,28.3,,,,,6/30/2006,615.85,,6/30/2006,11.95,,6/30/2006,73.51,,6/30/2006,73.93,,,,,,,,,,,,,,,,,6/30/2006,1.98,,,,,2007-08-01,3.33,,,
3/31/2006,0.8,,8/31/2004,28.8,,,,,5/31/2006,645.2,,5/31/2006,11.483,,5/31/2006,70.41,,5/31/2006,71.29,,,,,,,,,,,,,,,,,5/31/2006,1.811,,,,,2007-09-01,3.33,,,
2/28/2006,1.2,,7/31/2004,28.6,,,,,4/28/2006,654.43,,4/28/2006,12.217,,4/28/2006,72.5,,4/28/2006,71.88,,,,,,,,,,,,,,,,,4/28/2006,1.731,,,,,2007-10-01,3.33,,,
1/31/2006,3.6,,6/30/2004,28.7,,,,,3/31/2006,583.65,,3/31/2006,11.9,,3/31/2006,65.91,,3/31/2006,66.63,,,,,,,,,,,,,,,,,3/31/2006,1.69,,,,,2007-11-01,3.33,,,
12/31/2005,2.2,,5/31/2004,32,,,,,2/28/2006,561.55,,2/28/2006,11.733,,2/28/2006,61.76,,2/28/2006,61.41,,,,,,,,,,,,,,,,,2/28/2006,1.723,,,,,2007-12-01,3.33,,,
11/30/2005,1.6,,4/30/2004,34.6,,,,,1/31/2006,568.9,,1/31/2006,11.233,,1/31/2006,65.99,,1/31/2006,67.92,,,,,,,,,,,,,,,,,1/31/2006,1.355,,,,,2008-01-01,4.14,,,
10/31/2005,1.3,,3/31/2004,41.1,,,,,12/30/2005,517,,12/30/2005,9.967,,12/30/2005,58.98,,12/30/2005,61.04,,,,,,,,,,,,,,,,,12/30/2005,1.5,,,,,2008-02-01,4.14,,,
9/30/2005,0.3,,2/29/2004,50.2,,,,,11/30/2005,493.08,,11/30/2005,9.933,,11/30/2005,55.05,,11/30/2005,57.32,,,,,,,,,,,,,,,,,11/30/2005,1.702,,,,,2008-03-01,4.14,,,
8/31/2005,0.9,,12/31/2003,29.7,,,,,10/31/2005,465.19,,10/31/2005,9.183,,10/31/2005,58.1,,10/31/2005,59.76,,,,,,,,,,,,,,,,,,,,,,,2008-04-01,4.14,,,
7/31/2005,2.3,,11/30/2003,32.5,,,,,9/30/2005,469.3,,9/30/2005,10.05,,9/30/2005,63.48,,9/30/2005,66.24,,,,,,,,,,,,,,,,,,,,,,,2008-05-01,4.14,,,
6/30/2005,2.1,,10/31/2003,31.3,,,,,8/31/2005,435.2,,8/31/2005,9.517,,8/31/2005,67.02,,8/31/2005,68.94,,,,,,,,,,,,,,,,,,,,,,,2008-06-01,4.14,,,
5/31/2005,2.8,,9/30/2003,32.8,,,,,7/29/2005,429.8,,7/29/2005,9.65,,7/29/2005,59.37,,7/29/2005,60.57,,,,,,,,,,,,,,,,,,,,,,,2008-07-01,4.14,,,
4/30/2005,3.1,,8/31/2003,33.1,,,,,6/30/2005,435.5,,6/30/2005,8.867,,6/30/2005,55.58,,6/30/2005,56.5,,,,,,,,,,,,,,,,,,,,,,,2008-08-01,4.14,,,
3/31/2005,5.6,,7/31/2003,34.1,,,,,5/31/2005,417.25,,5/31/2005,8.483,,5/31/2005,50.73,,5/31/2005,51.97,,,,,,,,,,,,,,,,,,,,,,,2008-09-01,4.14,,,
2/28/2005,8.8,,6/30/2003,34,,,,,4/29/2005,434.4,,4/29/2005,8.483,,4/29/2005,51.09,,4/29/2005,49.72,,,,,,,,,,,,,,,,,,,,,,,2008-10-01,4.14,,,
1/31/2005,4,,5/31/2003,32.9,,,,,3/31/2005,428.35,,3/31/2005,8.45,,3/31/2005,54.29,,3/31/2005,55.4,,,,,,,,,,,,,,,,,,,,,,,2008-11-01,3.06,,,
12/31/2004,4.9,,4/30/2003,33.5,,,,,2/28/2005,435.65,,2/28/2005,8.867,,2/28/2005,50.06,,2/28/2005,51.75,,,,,,,,,,,,,,,,,,,,,,,2008-12-01,2.79,,,
11/30/2004,5.9,,3/31/2003,34.9,,,,,1/31/2005,422.6,,1/31/2005,8.25,,1/31/2005,45.92,,1/31/2005,48.2,,,,,,,,,,,,,,,,,,,,,,,2009-01-01,2.79,,,
10/31/2004,10,,2/28/2003,37,,,,,12/31/2004,438.45,,12/31/2004,8.467,,12/31/2004,40.46,,12/31/2004,43.45,,,,,,,,,,,,,,,,,,,,,,,2009-02-01,2.79,,,
9/30/2004,13,,12/31/2002,21.9,,,,,11/30/2004,450.95,,11/30/2004,8.817,,11/30/2004,45.51,,11/30/2004,49.13,,,,,,,,,,,,,,,,,,,,,,,2009-03-01,2.79,,,
8/31/2004,13.9,,11/30/2002,28.2,,,,,10/29/2004,428.55,,10/29/2004,8.033,,10/29/2004,48.98,,10/29/2004,51.76,,,,,,,,,,,,,,,,,,,,,,,2009-04-01,2.79,,,
7/31/2004,14.6,,10/31/2002,29.8,,,,,9/30/2004,418.25,,9/30/2004,8.217,,9/30/2004,46.38,,9/30/2004,49.64,,,,,,,,,,,,,,,,,,,,,,,2009-05-01,2.79,,,
6/30/2004,14,,9/30/2002,29.4,,,,,8/31/2004,409.85,,8/31/2004,7.6,,8/31/2004,39.61,,8/31/2004,42.12,,,,,,,,,,,,,,,,,,,,,,,2009-06-01,2.79,,,
5/31/2004,11.8,,8/31/2002,30,,,,,7/30/2004,391.05,,7/30/2004,7.4,,7/30/2004,40.03,,7/30/2004,43.8,,,,,,,,,,,,,,,,,,,,,,,2009-07-01,2.79,,,
4/30/2004,10.2,,7/31/2002,30.7,,,,,6/30/2004,394.25,,6/30/2004,7.5,,6/30/2004,34.5,,6/30/2004,37.05,,,,,,,,,,,,,,,,,,,,,,,2009-08-01,2.79,,,
3/31/2004,7.9,,6/30/2002,32.9,,,,,5/31/2004,395.55,,5/31/2004,7.483,,5/31/2004,36.58,,5/31/2004,39.88,,,,,,,,,,,,,,,,,,,,,,,2009-09-01,2.79,,,
2/29/2004,5.6,,5/31/2002,36.7,,,,,4/30/2004,386.75,,4/30/2004,7.117,,4/30/2004,34.48,,4/30/2004,37.38,,,,,,,,,,,,,,,,,,,,,,,2009-10-01,2.79,,,
1/31/2004,8,,4/30/2002,38.8,,,,,3/31/2004,426.45,,3/31/2004,8.267,,3/31/2004,31.51,,3/31/2004,35.76,,,,,,,,,,,,,,,,,,,,,,,2009-11-01,2.79,,,
12/31/2003,8.6,,3/31/2002,36.2,,,,,2/27/2004,396.15,,2/27/2004,9.1,,2/27/2004,32.23,,2/27/2004,36.16,,,,,,,,,,,,,,,,,,,,,,,2009-12-01,2.79,,,
11/30/2003,8.1,,2/28/2002,30.2,,,,,1/30/2004,402.45,,1/30/2004,8.6,,1/30/2004,29.18,,1/30/2004,33.05,,,,,,,,,,,,,,,,,,,,,,,2010-01-01,2.79,,,
10/31/2003,5.1,,12/31/2001,25.3,,,,,12/31/2003,415.45,,12/31/2003,8.65,,12/31/2003,30.17,,12/31/2003,32.52,,,,,,,,,,,,,,,,,,,,,,,2010-02-01,2.79,,,
9/30/2003,3.2,,11/30/2001,29.7,,,,,11/28/2003,398.15,,11/28/2003,7.617,,11/28/2003,28.45,,11/28/2003,30.41,,,,,,,,,,,,,,,,,,,,,,,2010-03-01,2.79,,,
8/31/2003,2.2,,10/31/2001,31.2,,,,,10/31/2003,384.25,,10/31/2003,7.667,,10/31/2003,27.7,,10/31/2003,29.11,,,,,,,,,,,,,,,,,,,,,,,2010-04-01,2.79,,,
7/31/2003,1,,9/30/2001,31.4,,,,,9/30/2003,385.35,,9/30/2003,6.6,,9/30/2003,27.61,,9/30/2003,29.2,,,,,,,,,,,,,,,,,,,,,,,2010-05-01,2.79,,,
6/30/2003,0.4,,8/31/2001,32.1,,,,,8/29/2003,375.55,,8/29/2003,6.55,,8/29/2003,29.49,,8/29/2003,31.57,,,,,,,,,,,,,,,,,,,,,,,2010-06-01,2.79,,,
5/31/2003,1.9,,7/31/2001,31.6,,,,,7/31/2003,354.35,,7/31/2003,6.1,,7/31/2003,28.37,,7/31/2003,30.54,,,,,,,,,,,,,,,,,,,,,,,2010-07-01,2.79,,,
4/30/2003,3.2,,6/30/2001,28.2,,,,,6/30/2003,346.4,,6/30/2003,5.567,,6/30/2003,28.33,,6/30/2003,30.19,,,,,,,,,,,,,,,,,,,,,,,2010-08-01,2.79,,,
3/31/2003,3.2,,5/31/2001,26.5,,,,,5/30/2003,364.45,,5/30/2003,5.217,,5/30/2003,26.32,,5/30/2003,29.56,,,,,,,,,,,,,,,,,,,,,,,2010-09-01,2.79,,,
2/28/2003,1.8,,4/30/2001,22.8,,,,,4/30/2003,338.55,,4/30/2003,4.65,,4/30/2003,23.68,,4/30/2003,25.8,,,,,,,,,,,,,,,,,,,,,,,2010-10-01,2.79,,,
1/31/2003,2.4,,3/31/2001,22.9,,,,,3/31/2003,337.45,,3/31/2003,4.667,,3/31/2003,27.18,,3/31/2003,31.04,,,,,,,,,,,,,,,,,,,,,,,2010-11-01,2.79,,,
12/31/2002,0.5,,2/28/2001,23,,,,,2/28/2003,349.95,,2/28/2003,4.867,,2/28/2003,32.79,,2/28/2003,36.6,,,,,,,,,,,,,,,,,,,,,,,2010-12-01,3.25,,,
11/30/2002,-0.1,,12/31/2000,19.5,,,,,1/31/2003,368.15,,1/31/2003,4.933,,1/31/2003,31.1,,1/31/2003,33.51,,,,,,,,,,,,,,,,,,,,,,,2011-01-01,3.25,,,
10/31/2002,-0.5,,11/30/2000,24.1,,,,,12/31/2002,348.05,,12/31/2002,4.717,,12/31/2002,28.66,,12/31/2002,31.2,,,,,,,,,,,,,,,,,,,,,,,2011-02-01,3.25,,,
9/30/2002,-0.2,,10/31/2000,24.6,,,,,11/29/2002,318.15,,11/29/2002,5,,11/29/2002,25.16,,11/29/2002,26.89,,,,,,,,,,,,,,,,,,,,,,,2011-03-01,3.25,,,
8/31/2002,-0.4,,9/30/2000,25,,,,,10/31/2002,317.75,,10/31/2002,4.833,,10/31/2002,25.72,,10/31/2002,27.22,,,,,,,,,,,,,,,,,,,,,,,2011-04-01,3.25,,,
7/31/2002,-0.9,,8/31/2000,24.3,,,,,9/30/2002,323.55,,9/30/2002,4.767,,9/30/2002,28.75,,9/30/2002,30.45,,,,,,,,,,,,,,,,,,,,,,,2011-05-01,3.25,,,
6/30/2002,-0.2,,7/31/2000,24.1,,,,,8/30/2002,312.75,,8/30/2002,5.217,,8/30/2002,27.47,,8/30/2002,28.98,,,,,,,,,,,,,,,,,,,,,,,2011-06-01,3.25,,,
5/31/2002,-1.5,,6/30/2000,22.4,,,,,7/31/2002,303.55,,7/31/2002,5.217,,7/31/2002,25.44,,7/31/2002,27.02,,,,,,,,,,,,,,,,,,,,,,,2011-07-01,3.25,,,
4/30/2002,-2,,5/31/2000,20.8,,,,,6/28/2002,314.45,,6/28/2002,5.55,,6/28/2002,25.58,,6/28/2002,26.86,,,,,,,,,,,,,,,,,,,,,,,2011-08-01,3.25,,,
3/31/2002,-0.6,,4/30/2000,20.8,,,,,5/31/2002,326.55,,5/31/2002,5.717,,5/31/2002,24.45,,5/31/2002,25.31,,,,,,,,,,,,,,,,,,,,,,,2011-09-01,3.25,,,
2/28/2002,0.6,,3/31/2000,20.4,,,,,4/30/2002,308.45,,4/30/2002,5.633,,4/30/2002,26.47,,4/30/2002,27.29,,,,,,,,,,,,,,,,,,,,,,,2011-10-01,3.25,,,
1/31/2002,-1.9,,2/29/2000,19.8,,,,,3/29/2002,302.65,,3/29/2002,5.4,,3/29/2002,25.92,,3/29/2002,26.31,,,,,,,,,,,,,,,,,,,,,,,2011-11-01,3.25,,,
12/31/2001,-0.8,,12/31/1999,11,,,,,2/28/2002,296.55,,2/28/2002,5.133,,2/28/2002,21.33,,2/28/2002,21.74,,,,,,,,,,,,,,,,,,,,,,,2011-12-01,3.25,,,
11/30/2001,-0.8,,11/30/1999,20.5,,,,,1/31/2002,282.55,,1/31/2002,5.133,,1/31/2002,19.18,,1/31/2002,19.48,,,,,,,,,,,,,,,,,,,,,,,2012-01-01,3.25,,,
10/31/2001,0.8,,10/31/1999,20.2,,,,,12/31/2001,278.95,,12/31/2001,5.567,,12/31/2001,19.9,,12/31/2001,19.84,,,,,,,,,,,,,,,,,,,,,,,2012-02-01,3.25,,,
9/30/2001,0.3,,9/30/1999,21.6,,,,,11/30/2001,274.4,,11/30/2001,5.567,,11/30/2001,19.14,,11/30/2001,19.44,,,,,,,,,,,,,,,,,,,,,,,2012-03-01,3.25,,,
8/31/2001,0.2,,8/31/1999,22.9,,,,,10/31/2001,279.65,,,,,10/31/2001,20.37,,10/31/2001,21.18,,,,,,,,,,,,,,,,,,,,,,,2012-04-01,3.25,,,
7/31/2001,1.5,,7/31/1999,24.8,,,,,9/28/2001,293.25,,,,,9/28/2001,23.26,,9/28/2001,23.43,,,,,,,,,,,,,,,,,,,,,,,2012-05-01,3.25,,,
6/30/2001,1,,6/30/1999,24.6,,,,,8/31/2001,274.4,,,,,8/31/2001,26.41,,8/31/2001,27.2,,,,,,,,,,,,,,,,,,,,,,,2012-06-01,3.25,,,
5/31/2001,1.7,,5/31/1999,24.7,,,,,7/31/2001,266.65,,,,,7/31/2001,24.69,,7/31/2001,26.35,,,,,,,,,,,,,,,,,,,,,,,2012-07-01,3.25,,,
4/30/2001,1.3,,4/30/1999,24.4,,,,,6/29/2001,270.85,,,,,6/29/2001,26.08,,6/29/2001,26.25,,,,,,,,,,,,,,,,,,,,,,,2012-08-01,3.25,,,
3/31/2001,-1,,3/31/1999,28.3,,,,,5/31/2001,265.85,,,,,5/31/2001,29.34,,5/31/2001,28.37,,,,,,,,,,,,,,,,,,,,,,,2012-09-01,3.25,,,
2/28/2001,-3.3,,2/28/1999,29,,,,,4/30/2001,264.05,,,,,4/30/2001,27.89,,4/30/2001,28.46,,,,,,,,,,,,,,,,,,,,,,,2012-10-01,3.25,,,
1/31/2001,-0.4,,12/31/1998,12.6,,,,,3/30/2001,257.95,,,,,3/30/2001,24.74,,3/30/2001,26.29,,,,,,,,,,,,,,,,,,,,,,,2012-11-01,3.25,,,
12/31/2000,-0.1,,11/30/1998,18.3,,,,,2/28/2001,267.15,,,,,2/28/2001,25.57,,2/28/2001,27.39,,,,,,,,,,,,,,,,,,,,,,,2012-12-01,.,,,
11/30/2000,-1,,10/31/1998,18.4,,,,,1/31/2001,265.85,,,,,1/31/2001,26.66,,1/31/2001,28.66,,,,,,,,,,,,,,,,,,,,,,,2013-01-01,3.25,,,
10/31/2000,-3.7,,9/30/1998,18.9,,,,,12/29/2000,272.25,,,,,12/29/2000,23.87,,12/29/2000,26.8,,,,,,,,,,,,,,,,,,,,,,,2013-02-01,3.25,,,
9/30/2000,-3.7,,8/31/1998,16.9,,,,,11/30/2000,270.45,,,,,11/30/2000,31.88,,11/30/2000,33.82,,,,,,,,,,,,,,,,,,,,,,,2013-03-01,3.25,,,
8/31/2000,-2.6,,7/31/1998,15,,,,,10/31/2000,265.15,,,,,10/31/2000,30.76,,10/31/2000,32.7,,,,,,,,,,,,,,,,,,,,,,,2013-04-01,3.25,,,
7/31/2000,-2.4,,6/30/1998,14.1,,,,,9/29/2000,274.25,,,,,9/29/2000,29.84,,9/29/2000,30.84,,,,,,,,,,,,,,,,,,,,,,,2013-05-01,3.25,,,
6/30/2000,-2.4,,5/31/1998,15.2,,,,,8/31/2000,277.85,,,,,8/31/2000,31.72,,8/31/2000,33.12,,,,,,,,,,,,,,,,,,,,,,,2013-06-01,3.25,,,
5/31/2000,-3.1,,4/30/1998,12.7,,,,,7/31/2000,277.25,,,,,7/31/2000,26.93,,7/31/2000,27.43,,,,,,,,,,,,,,,,,,,,,,,2013-07-01,3.25,,,
4/30/2000,-3.9,,3/31/1998,9.2,,,,,6/30/2000,289.53,,,,,6/30/2000,30.57,,6/30/2000,32.5,,,,,,,,,,,,,,,,,,,,,,,2013-08-01,3.25,,,
3/31/2000,-3.3,,2/28/1998,10,,,,,5/31/2000,272.1,,,,,5/31/2000,28.31,,5/31/2000,29.01,,,,,,,,,,,,,,,,,,,,,,,2013-09-01,3.25,,,
2/29/2000,-1.4,,12/31/1997,3.4,,,,,4/28/2000,273.55,,,,,4/28/2000,23.89,,4/28/2000,25.74,,,,,,,,,,,,,,,,,,,,,,,2013-10-01,3.25,,,
1/31/2000,-3.1,,11/30/1997,0,,,,,3/31/2000,279.08,,,,,3/31/2000,24.77,,3/31/2000,26.9,,,,,,,,,,,,,,,,,,,,,,,2013-11-01,3.25,,,
12/31/1999,-4.4,,10/31/1997,1,,,,,2/29/2000,292.2,,,,,2/29/2000,28.09,,2/29/2000,30.43,,,,,,,,,,,,,,,,,,,,,,,2013-12-01,3.25,,,
11/30/1999,-3.9,,9/30/1997,3.2,,,,,1/31/2000,283.5,,,,,1/31/2000,25.97,,1/31/2000,27.64,,,,,,,,,,,,,,,,,,,,,,,2014-01-01,3.25,,,
10/31/1999,-3.3,,8/31/1997,2,,,,,12/31/1999,288,,,,,12/31/1999,25.08,,12/31/1999,25.6,,,,,,,,,,,,,,,,,,,,,,,2014-02-01,3.25,,,
9/30/1999,-3.7,,7/31/1997,2,,,,,11/30/1999,290.7,,,,,11/30/1999,23.64,,11/30/1999,24.59,,,,,,,,,,,,,,,,,,,,,,,2014-03-01,3.25,,,
8/31/1999,-3.4,,6/30/1997,3.3,,,,,10/29/1999,299.2,,,,,10/29/1999,21.69,,10/29/1999,21.75,,,,,,,,,,,,,,,,,,,,,,,2014-04-01,3.25,,,
7/31/1999,-3.5,,5/31/1997,2.9,,,,,9/30/1999,298.75,,,,,9/30/1999,23.58,,9/30/1999,24.51,,,,,,,,,,,,,,,,,,,,,,,2014-05-01,3.25,,,
6/30/1999,-5.1,,4/30/1997,2.8,,,,,8/31/1999,255.68,,,,,8/31/1999,21.33,,8/31/1999,22.11,,,,,,,,,,,,,,,,,,,,,,,2014-06-01,3.25,,,
5/31/1999,-5.4,,3/31/1997,5.1,,,,,7/30/1999,255.95,,,,,7/30/1999,19.37,,7/30/1999,20.53,,,,,,,,,,,,,,,,,,,,,,,2014-07-01,3.25,,,
4/30/1999,-5.5,,2/28/1997,11.8,,,,,6/30/1999,262.5,,,,,6/30/1999,17.51,,6/30/1999,19.29,,,,,,,,,,,,,,,,,,,,,,,2014-08-01,3.25,,,
3/31/1999,-4.9,,12/31/1996,21.5,,,,,5/31/1999,270.35,,,,,5/31/1999,15.2,,5/31/1999,16.84,,,,,,,,,,,,,,,,,,,,,,,2014-09-01,3.25,,,
2/28/1999,-3.7,,11/30/1996,36.7,,,,,4/30/1999,286.55,,,,,4/30/1999,16.57,,4/30/1999,18.66,,,,,,,,,,,,,,,,,,,,,,,2014-10-01,3.25,,,
1/31/1999,-3.6,,10/31/1996,34,,,,,3/31/1999,280.05,,,,,3/31/1999,15.24,,3/31/1999,16.76,,,,,,,,,,,,,,,,,,,,,,,2014-11-01,3.25,,,
12/31/1998,-2.8,,9/30/1996,31.9,,,,,2/26/1999,287.05,,,,,2/26/1999,10.88,,2/26/1999,12.27,,,,,,,,,,,,,,,,,,,,,,,2014-12-01,3.25,,,
11/30/1998,-3.3,,8/31/1996,30.5,,,,,1/29/1999,286.15,,,,,1/29/1999,11.35,,1/29/1999,12.75,,,,,,,,,,,,,,,,,,,,,,,2015-01-01,3.25,,,
10/31/1998,-3.2,,7/31/1996,30.8,,,,,12/31/1998,288.25,,,,,12/31/1998,10.53,,12/31/1998,12.05,,,,,,,,,,,,,,,,,,,,,,,2015-02-01,3.25,,,
9/30/1998,-3.9,,6/30/1996,32.1,,,,,11/30/1998,293.2,,,,,11/30/1998,10.46,,11/30/1998,11.22,,,,,,,,,,,,,,,,,,,,,,,2015-03-01,3.25,,,
8/31/1998,-4.1,,5/31/1996,32.5,,,,,10/30/1998,292.55,,,,,10/30/1998,13.22,,10/30/1998,14.42,,,,,,,,,,,,,,,,,,,,,,,2015-04-01,3.25,,,
7/31/1998,-4.2,,4/30/1996,36.7,,,,,9/30/1998,296.95,,,,,9/30/1998,14.68,,9/30/1998,16.14,,,,,,,,,,,,,,,,,,,,,,,2015-05-01,3.25,,,
6/30/1998,-4.2,,3/31/1996,35,,,,,8/31/1998,275.55,,,,,8/31/1998,12.56,,8/31/1998,13.34,,,,,,,,,,,,,,,,,,,,,,,2015-06-01,3.25,,,
5/31/1998,-3.9,,2/29/1996,28.2,,,,,7/31/1998,286.45,,,,,7/31/1998,13.09,,7/31/1998,14.21,,,,,,,,,,,,,,,,,,,,,,,2015-07-01,3.25,,,
4/30/1998,-2.8,,12/31/1995,21.4,,,,,6/30/1998,296.95,,,,,6/30/1998,13.38,,6/30/1998,14.18,,,,,,,,,,,,,,,,,,,,,,,2015-08-01,3.25,,,
3/31/1998,-0.8,,11/30/1995,23.5,,,,,5/29/1998,292.95,,,,,5/29/1998,14.37,,5/29/1998,15.2,,,,,,,,,,,,,,,,,,,,,,,2015-09-01,3.25,,,
2/28/1998,-2.9,,10/31/1995,25.4,,,,,4/30/1998,306.65,,,,,4/30/1998,14.46,,4/30/1998,15.39,,,,,,,,,,,,,,,,,,,,,,,2015-10-01,3.25,,,
1/31/1998,-2.3,,9/30/1995,27.5,,,,,3/31/1998,300.95,,,,,3/31/1998,14.26,,3/31/1998,15.61,,,,,,,,,,,,,,,,,,,,,,,2015-11-01,2.9,,,
12/31/1997,-2.9,,8/31/1995,27,,,,,2/27/1998,299.15,,,,,2/27/1998,14.17,,2/27/1998,15.44,,,,,,,,,,,,,,,,,,,,,,,2015-12-01,2.9,,,
11/30/1997,-2.2,,7/31/1995,17.2,,,,,1/30/1998,302.45,,,,,1/30/1998,15.96,,1/30/1998,17.21,,,,,,,,,,,,,,,,,,,,,,,2016-01-01,2.9,,,
10/31/1997,-1.8,,6/30/1995,34.3,,,,,12/31/1997,289.05,,,,,12/31/1997,16.52,,12/31/1997,17.64,,,,,,,,,,,,,,,,,,,,,,,2016-02-01,2.9,,,
9/30/1997,-1.2,,5/31/1995,29.7,,,,,11/28/1997,297,,,,,11/28/1997,18.94,,11/28/1997,19.15,,,,,,,,,,,,,,,,,,,,,,,2016-03-01,2.9,,,
8/31/1997,-1.4,,4/30/1995,28.7,,,,,10/31/1997,311.45,,,,,10/31/1997,20.02,,10/31/1997,21.08,,,,,,,,,,,,,,,,,,,,,,,2016-04-01,2.9,,,
7/31/1997,0,,3/31/1995,33.2,,,,,9/30/1997,334.45,,,,,9/30/1997,19.9,,9/30/1997,21.18,,,,,,,,,,,,,,,,,,,,,,,2016-05-01,2.9,,,
6/30/1997,0,,2/28/1995,41,,,,,8/29/1997,324.15,,,,,8/29/1997,18.51,,8/29/1997,19.61,,,,,,,,,,,,,,,,,,,,,,,2016-06-01,2.9,,,
5/31/1997,-0.3,,12/31/1994,41.3,,,,,7/31/1997,324.55,,,,,7/31/1997,18.94,,7/31/1997,20.14,,,,,,,,,,,,,,,,,,,,,,,2016-07-01,2.9,,,
4/30/1997,0.1,,11/30/1994,51,,,,,6/30/1997,333.95,,,,,6/30/1997,18.51,,6/30/1997,19.8,,,,,,,,,,,,,,,,,,,,,,,2016-08-01,2.9,,,
3/31/1997,1.2,,10/31/1994,54.1,,,,,5/30/1997,344.65,,,,,5/30/1997,19.4,,5/30/1997,20.88,,,,,,,,,,,,,,,,,,,,,,,2016-09-01,2.9,,,
2/28/1997,3.5,,9/30/1994,58.1,,,,,4/30/1997,339.5,,,,,4/30/1997,18.52,,4/30/1997,20.21,,,,,,,,,,,,,,,,,,,,,,,2016-10-01,2.9,,,
1/31/1997,3.7,,8/31/1994,58.7,,,,,3/31/1997,351.25,,,,,3/31/1997,19.38,,3/31/1997,20.41,,,,,,,,,,,,,,,,,,,,,,,2016-11-01,2.9,,,
12/31/1996,5,,7/31/1994,56.9,,,,,2/28/1997,363.45,,,,,2/28/1997,18.85,,2/28/1997,20.3,,,,,,,,,,,,,,,,,,,,,,,2016-12-01,2.9,,,
11/30/1996,5.4,,6/30/1994,43.9,,,,,1/31/1997,344.35,,,,,1/31/1997,22.52,,1/31/1997,24.15,,,,,,,,,,,,,,,,,,,,,,,2017-01-01,2.9,,,
10/31/1996,5.7,,5/31/1994,52.7,,,,,12/31/1996,367.7,,,,,12/31/1996,23.81,,12/31/1996,25.92,,,,,,,,,,,,,,,,,,,,,,,2017-02-01,2.9,,,
9/30/1996,5.9,,4/30/1994,59.8,,,,,11/29/1996,371.65,,,,,11/29/1996,22.77,,11/29/1996,23.75,,,,,,,,,,,,,,,,,,,,,,,2017-03-01,2.9,,,
8/31/1996,7.6,,3/31/1994,73.7,,,,,10/31/1996,378.05,,,,,10/31/1996,22.67,,10/31/1996,23.35,,,,,,,,,,,,,,,,,,,,,,,2017-04-01,2.9,,,
7/31/1996,7.8,,2/28/1994,58.2,,,,,9/30/1996,378.4,,,,,9/30/1996,23.21,,9/30/1996,24.38,,,,,,,,,,,,,,,,,,,,,,,2017-05-01,2.9,,,
6/30/1996,7.9,,12/31/1993,124.9,,,,,8/30/1996,386.5,,,,,8/30/1996,20.78,,8/30/1996,22.25,,,,,,,,,,,,,,,,,,,,,,,2017-06-01,2.9,,,
5/31/1996,8.5,,11/30/1993,128.6,,,,,7/31/1996,387.05,,,,,7/31/1996,18.9,,7/31/1996,20.42,,,,,,,,,,,,,,,,,,,,,,,2017-07-01,2.9,,,
4/30/1996,10,,10/31/1993,134,,,,,6/28/1996,380.45,,,,,6/28/1996,18.91,,6/28/1996,20.92,,,,,,,,,,,,,,,,,,,,,,,2017-08-01,2.9,,,
3/31/1996,10,,9/30/1993,134.2,,,,,5/31/1996,391,,,,,5/31/1996,17.8,,5/31/1996,19.76,,,,,,,,,,,,,,,,,,,,,,,2017-09-01,2.9,,,
2/29/1996,9.3,,8/31/1993,135.1,,,,,4/30/1996,391.65,,,,,4/30/1996,19.02,,4/30/1996,21.2,,,,,,,,,,,,,,,,,,,,,,,2017-10-01,2.9,,,
1/31/1996,8.2,,7/31/1993,136.6,,,,,3/29/1996,395.45,,,,,3/29/1996,19.41,,3/29/1996,21.47,,,,,,,,,,,,,,,,,,,,,,,2017-11-01,2.9,,,
12/31/1995,12,,6/30/1993,143.5,,,,,2/29/1996,400.75,,,,,2/29/1996,17.76,,2/29/1996,19.54,,,,,,,,,,,,,,,,,,,,,,,2017-12-01,2.9,,,
11/30/1995,12,,5/31/1993,115.6,,,,,1/31/1996,406.3,,,,,1/31/1996,16.52,,1/31/1996,17.74,,,,,,,,,,,,,,,,,,,,,,,2018-01-01,2.9,,,
10/31/1995,13.9,,4/30/1993,132.6,,,,,12/29/1995,387.1,,,,,12/29/1995,18.33,,12/29/1995,19.55,,,,,,,,,,,,,,,,,,,,,,,2018-02-01,2.9,,,
9/30/1995,16.1,,3/31/1993,146.9,,,,,11/30/1995,387.8,,,,,11/30/1995,17.04,,11/30/1995,18.18,,,,,,,,,,,,,,,,,,,,,,,2018-03-01,2.9,,,
8/31/1995,17.9,,2/28/1993,135.6,,,,,10/31/1995,383,,,,,10/31/1995,16.33,,10/31/1995,17.64,,,,,,,,,,,,,,,,,,,,,,,2018-04-01,2.9,,,
7/31/1995,22.2,,12/31/1992,93.5,,,,,9/29/1995,384,,,,,9/29/1995,16.12,,9/29/1995,17.54,,,,,,,,,,,,,,,,,,,,,,,2018-05-01,2.9,,,
6/30/1995,25.3,,11/30/1992,91.1,,,,,8/31/1995,382.75,,,,,8/31/1995,16.25,,8/31/1995,17.84,,,,,,,,,,,,,,,,,,,,,,,2018-06-01,2.9,,,
5/31/1995,29.2,,10/31/1992,82.8,,,,,7/31/1995,382.6,,,,,7/31/1995,16.01,,7/31/1995,17.56,,,,,,,,,,,,,,,,,,,,,,,2018-07-01,2.9,,,
4/30/1995,30,,9/30/1992,81.3,,,,,6/30/1995,384.6,,,,,6/30/1995,16.38,,6/30/1995,17.4,,,,,,,,,,,,,,,,,,,,,,,2018-08-01,2.9,,,
3/31/1995,30.6,,8/31/1992,82.5,,,,,5/31/1995,384.3,,,,,5/31/1995,17.7,,5/31/1995,18.89,,,,,,,,,,,,,,,,,,,,,,,2018-09-01,2.9,,,
2/28/1995,32.1,,7/31/1992,84.2,,,,,4/28/1995,387.1,,,,,4/28/1995,19.06,,4/28/1995,20.38,,,,,,,,,,,,,,,,,,,,,,,2018-10-01,2.9,,,
1/31/1995,35.7,,6/30/1992,75,,,,,3/31/1995,391.4,,,,,3/31/1995,17.5,,3/31/1995,19.17,,,,,,,,,,,,,,,,,,,,,,,2018-11-01,2.9,,,
12/31/1994,35.5,,5/31/1992,93.7,,,,,2/28/1995,377.1,,,,,2/28/1995,16.87,,2/28/1995,18.49,,,,,,,,,,,,,,,,,,,,,,,2018-12-01,2.9,,,
11/30/1994,39.7,,4/30/1992,78.3,,,,,1/31/1995,375.1,,,,,1/31/1995,16.8,,1/31/1995,18.39,,,,,,,,,,,,,,,,,,,,,,,2019-01-01,2.9,,,
10/31/1994,40.2,,3/31/1992,62.4,,,,,12/30/1994,383.2,,,,,12/30/1994,16.5,,12/30/1994,17.76,,,,,,,,,,,,,,,,,,,,,,,2019-02-01,2.9,,,
9/30/1994,39.2,,2/29/1992,90.3,,,,,11/30/1994,381.4,,,,,11/30/1994,17.11,,11/30/1994,18.05,,,,,,,,,,,,,,,,,,,,,,,2019-03-01,2.9,,,
8/31/1994,36.5,,,,,,,,10/31/1994,384.5,,,,,10/31/1994,16.92,,10/31/1994,18.19,,,,,,,,,,,,,,,,,,,,,,,2019-04-01,2.9,,,
7/31/1994,32.1,,,,,,,,9/30/1994,394.25,,,,,9/30/1994,17.15,,9/30/1994,18.39,,,,,,,,,,,,,,,,,,,,,,,2019-05-01,2.9,,,
6/30/1994,28.5,,,,,,,,8/31/1994,386.6,,,,,8/31/1994,16.36,,8/31/1994,17.56,,,,,,,,,,,,,,,,,,,,,,,2019-06-01,2.9,,,
5/31/1994,25.3,,,,,,,,7/29/1994,383.6,,,,,7/29/1994,18.59,,7/29/1994,20.3,,,,,,,,,,,,,,,,,,,,,,,2019-07-01,2.9,,,
4/30/1994,25.6,,,,,,,,6/30/1994,386.3,,,,,6/30/1994,17.52,,6/30/1994,19.37,,,,,,,,,,,,,,,,,,,,,,,2019-08-01,2.9,,,
3/31/1994,27,,,,,,,,5/31/1994,387.3,,,,,5/31/1994,16.45,,5/31/1994,18.31,,,,,,,,,,,,,,,,,,,,,,,2019-09-01,2.9,,,
2/28/1994,28.4,,,,,,,,4/29/1994,377.05,,,,,4/29/1994,15.69,,4/29/1994,16.9,,,,,,,,,,,,,,,,,,,,,,,2019-10-01,2.9,,,
1/31/1994,23.8,,,,,,,,3/31/1994,391,,,,,3/31/1994,13.25,,3/31/1994,14.79,,,,,,,,,,,,,,,,,,,,,,,2019-11-01,2.9,,,
,,,,,,,,,2/28/1994,381.75,,,,,2/28/1994,13.35,,2/28/1994,14.48,,,,,,,,,,,,,,,,,,,,,,,2019-12-01,2.9,,,
,,,,,,,,,1/31/1994,381.9,,,,,1/31/1994,14.22,,1/31/1994,15.19,,,,,,,,,,,,,,,,,,,,,,,2020-01-01,2.9,,,
,,,,,,,,,12/31/1993,390.7,,,,,12/31/1993,13.2,,12/31/1993,14.17,,,,,,,,,,,,,,,,,,,,,,,2020-02-01,2.9,,,
,,,,,,,,,11/30/1993,370.7,,,,,11/30/1993,14.52,,11/30/1993,15.43,,,,,,,,,,,,,,,,,,,,,,,2020-03-01,2.9,,,
,,,,,,,,,10/29/1993,369.5,,,,,10/29/1993,15.8,,10/29/1993,16.92,,,,,,,,,,,,,,,,,,,,,,,2020-04-01,2.9,,,
,,,,,,,,,9/30/1993,355.4,,,,,9/30/1993,17.43,,9/30/1993,18.79,,,,,,,,,,,,,,,,,,,,,,,2020-05-01,2.9,,,
,,,,,,,,,8/31/1993,372.1,,,,,8/31/1993,17.08,,8/31/1993,18.29,,,,,,,,,,,,,,,,,,,,,,,2020-06-01,2.9,,,
,,,,,,,,,7/30/1993,407.3,,,,,7/30/1993,16.75,,7/30/1993,17.88,,,,,,,,,,,,,,,,,,,,,,,2020-07-01,2.9,,,
,,,,,,,,,6/30/1993,378.1,,,,,6/30/1993,17.51,,6/30/1993,18.85,,,,,,,,,,,,,,,,,,,,,,,2020-08-01,2.9,,,
,,,,,,,,,5/31/1993,374.75,,,,,5/31/1993,18.6,,5/31/1993,20.02,,,,,,,,,,,,,,,,,,,,,,,2020-09-01,2.9,,,
,,,,,,,,,4/30/1993,356,,,,,4/30/1993,19.15,,4/30/1993,20.53,,,,,,,,,,,,,,,,,,,,,,,2020-10-01,2.9,,,
,,,,,,,,,3/31/1993,339,,,,,3/31/1993,18.9,,3/31/1993,20.44,,,,,,,,,,,,,,,,,,,,,,,2020-11-01,2.9,,,
,,,,,,,,,2/26/1993,329.5,,,,,2/26/1993,18.92,,2/26/1993,20.6,,,,,,,,,,,,,,,,,,,,,,,2020-12-01,2.9,,,
,,,,,,,,,1/29/1993,332.5,,,,,1/29/1993,18.47,,1/29/1993,20.26,,,,,,,,,,,,,,,,,,,,,,,2021-01-01,2.9,,,
,,,,,,,,,12/31/1992,334.5,,,,,12/31/1992,18.29,,12/31/1992,19.5,,,,,,,,,,,,,,,,,,,,,,,2021-02-01,2.9,,,
,,,,,,,,,11/30/1992,336,,,,,11/30/1992,18.84,,11/30/1992,19.89,,,,,,,,,,,,,,,,,,,,,,,2021-03-01,2.9,,,
,,,,,,,,,10/30/1992,341,,,,,10/30/1992,19.45,,10/30/1992,20.62,,,,,,,,,,,,,,,,,,,,,,,2021-04-01,2.9,,,
,,,,,,,,,9/30/1992,350,,,,,9/30/1992,20.34,,9/30/1992,21.71,,,,,,,,,,,,,,,,,,,,,,,2021-05-01,2.9,,,
,,,,,,,,,8/31/1992,342,,,,,8/31/1992,19.87,,8/31/1992,21.48,,,,,,,,,,,,,,,,,,,,,,,2021-06-01,2.9,,,
,,,,,,,,,7/31/1992,357.85,,,,,7/31/1992,20.47,,7/31/1992,21.87,,,,,,,,,,,,,,,,,,,,,,,2021-07-01,2.9,,,
,,,,,,,,,6/30/1992,343.4,,,,,6/30/1992,20.41,,6/30/1992,21.6,,,,,,,,,,,,,,,,,,,,,,,2021-08-01,2.9,,,
,,,,,,,,,5/29/1992,337.5,,,,,5/29/1992,20.79,,5/29/1992,22.11,,,,,,,,,,,,,,,,,,,,,,,2021-09-01,2.9,,,
,,,,,,,,,4/30/1992,336.35,,,,,4/30/1992,19.66,,4/30/1992,20.85,,,,,,,,,,,,,,,,,,,,,,,2021-10-01,2.9,,,
,,,,,,,,,3/31/1992,341.7,,,,,3/31/1992,18.14,,3/31/1992,19.44,,,,,,,,,,,,,,,,,,,,,,,2021-11-01,2.9,,,
,,,,,,,,,2/28/1992,353.75,,,,,2/28/1992,17.55,,2/28/1992,18.68,,,,,,,,,,,,,,,,,,,,,,,2021-12-01,2.9,,,
,,,,,,,,,1/31/1992,354.1,,,,,1/31/1992,18.15,,1/31/1992,18.9,,,,,,,,,,,,,,,,,,,,,,,2022-01-01,2.9,,,
,,,,,,,,,12/31/1991,353.15,,,,,12/31/1991,17.61,,12/31/1991,19.12,,,,,,,,,,,,,,,,,,,,,,,2022-02-01,2.9,,,
,,,,,,,,,11/29/1991,366.3,,,,,11/29/1991,20.13,,11/29/1991,21.48,,,,,,,,,,,,,,,,,,,,,,,2022-03-01,2.9,,,
,,,,,,,,,10/31/1991,357.45,,,,,10/31/1991,22.1,,10/31/1991,23.37,,,,,,,,,,,,,,,,,,,,,,,2022-04-01,2.9,,,
,,,,,,,,,9/30/1991,354.9,,,,,9/30/1991,21.05,,9/30/1991,22.23,,,,,,,,,,,,,,,,,,,,,,,2022-05-01,2.9,,,
,,,,,,,,,8/30/1991,347.4,,,,,8/30/1991,20.7,,8/30/1991,22.26,,,,,,,,,,,,,,,,,,,,,,,2022-06-01,2.9,,,
,,,,,,,,,7/31/1991,362.85,,,,,7/31/1991,19.74,,7/31/1991,21.68,,,,,,,,,,,,,,,,,,,,,,,2022-07-01,2.9,,,
,,,,,,,,,6/28/1991,368.35,,,,,6/28/1991,18.72,,6/28/1991,20.56,,,,,,,,,,,,,,,,,,,,,,,2022-08-01,2.9,,,
,,,,,,,,,5/31/1991,360.4,,,,,5/31/1991,19.21,,5/31/1991,21.13,,,,,,,,,,,,,,,,,,,,,,,2022-09-01,2.9,,,
,,,,,,,,,4/30/1991,357.75,,,,,4/30/1991,19.42,,4/30/1991,20.96,,,,,,,,,,,,,,,,,,,,,,,2022-10-01,2.9,,,
,,,,,,,,,3/29/1991,355.65,,,,,3/29/1991,18.17,,3/29/1991,19.63,,,,,,,,,,,,,,,,,,,,,,,2022-11-01,2.9,,,
,,,,,,,,,2/28/1991,362.7,,,,,2/28/1991,18.68,,2/28/1991,19.16,,,,,,,,,,,,,,,,,,,,,,,2022-12-01,2.9,,,
,,,,,,,,,1/31/1991,366,,,,,1/31/1991,20.06,,1/31/1991,21.54,,,,,,,,,,,,,,,,,,,,,,,2023-01-01,2.9,,,
,,,,,,,,,12/31/1990,382.8,,,,,12/31/1990,28.27,,12/31/1990,28.44,,,,,,,,,,,,,,,,,,,,,,,2023-02-01,2.9,,,
,,,,,,,,,,,,,,,11/30/1990,29.2,,11/30/1990,28.85,,,,,,,,,,,,,,,,,,,,,,,2023-03-01,2.9,,,
,,,,,,,,,,,,,,,,,,,,,,,,,,,,,,,,,,,,,,,,,,2023-04-01,2.9,,,
,,,,,,,,,,,,,,,,,,,,,,,,,,,,,,,,,,,,,,,,,,2023-05-01,2.9,,,
,,,,,,,,,,,,,,,,,,,,,,,,,,,,,,,,,,,,,,,,,,2023-06-01,2.9,,,
,,,,,,,,,,,,,,,,,,,,,,,,,,,,,,,,,,,,,,,,,,2023-07-01,2.9,,,
,,,,,,,,,,,,,,,,,,,,,,,,,,,,,,,,,,,,,,,,,,2023-08-01,2.9,,,